question,answer,furi,name
"that, that one",それ,,Vocab 1
"see, look at",見る,み
circle,円,えん
lots of,多い,おお
"house, home",家,うち
"this, this one",これ,
new,新しい,あたら
I,私,わたし
"work, job",仕事,しごと
"begin, start",始める,はじ
become,なる,
"do, make",する,
"go out, leave",出る,で
use,使う,つか
place,ところ,
think,思う,おも,Vocab 2
"have, possess",持つ,も
"time, hour",時間,じかん
this year,今年,ことし
know,知る,し
"make, create",作る,つく
"same, identical",同じ,おな
now,今,いま
"continue, follow",続く,つづ
country,国,くに
"yet, more",未だ,ま
do,やる,
"say, tell",言う,い
"few, little",少ない,すく
go,行く,い
"decide, agree upon",決める,き,Vocab 3
"high, tall",高い,たか
"think, consider",考える,かんが
"feel, sense",感じる,かん
"child, kid",子供,こども
"in such manner, that way",そう,
"university, college",大学,だいがく
"already, yet",もう,
"near, close to",近く,ちか
put in,入れる,い
student,学生,がくせい
"afternoon, p.m.",午後,ごご
long,長い,なが
"book, volume",本,ほん
often,よく,
"she, one's girlfriend",彼女,かのじょ,Vocab 4
"hear, ask",聞く,き
"how, what",どう,
live (one's life),生きる,い
"word, language",言葉,ことば
face,顔,かお
where,どこ,
one (thing),一つ,ひと
give,あげる,
"like this, this kind of",こう,
school,学校,がっこう
be given,くれる,
"get up, get out of bed",起きる,お
spring,春,はる
"morning, a.m.",午前,ごぜん
buy,買う,か,Vocab 5
"another, different",別,べつ
"finish, end",終わる,お
young,若い,わか
"fairly, rather",かなり,
"put, leave",置く,お
"live, reside",住む,す
"return, turn back",戻る,もど
work,働く,はたら
after,後,あと
teacher,先生,せんせい
"stand, rise",立つ,た
"spirit, temperament",気,き
"call, name",呼ぶ,よ
more,もっと,
"return, go back",帰る,かえ,Vocab 6
"feeling, sensation",気持ち,きも
fly,飛ぶ,と
"car, automobile",車,くるま
change,変える,か
"wide, big",広い,ひろ
understand,分かる,わ
number,数,かず
"near, soon",近い,ちか
there,そこ,
run,走る,はし
sell,売る,う
morning,朝,あさ
"teach, tell",教える,おし
"walk, go on foot",歩く,ある
"at once, soon",直ぐ,す,Vocab 7
meet,会う,あ
room,部屋,へや
happen,起こる,お
"autumn, fall",秋,あき
difficult,難しい,むずか
send,送る,おく
die,死ぬ,し
"ride, take",乗る,の
"inexpensive, cheap",安い,やす
write,書く,か
"speak, tell",話す,はな
head,頭,あたま
"body, health",体,からだ
here,ここ,
"wait, wait for",待つ,ま,Vocab 8
"low, short",低い,ひく
receive,もらう,
eat,食べる,た
early,早い,はや
older brother,兄,あに
name,名前,なまえ
husband,夫,おっと
one,一,いち
marriage,結婚,けっこん
parent,親,おや
old,古い,ふる
beautiful,美しい,うつく
"leg, foot",足,あし
next,次,つぎ
wake up,起こす,お,Vocab 9
show,見せる,み
"daughter, girl",娘,むすめ
very,とても,
"a bit, a little while",少し,すこ
question,質問,しつもん
enjoy,楽しむ,たの
color,色,いろ
"all, everybody",みんな,
"take, get",取る,と
study,勉強,べんきょう
"can do, be good at",出来る,でき
"short, brief",短い,みじか
"fall, sink",落ちる,お
son,息子,むすこ
"white, blank",白い,しろ,Vocab 10
"who, whom",誰,だれ
always,いつも,
airplane,飛行機,ひこうき
win,勝つ,か
illness,病気,びょうき
winter,冬,ふゆ
"year, age",年,とし
heavy,重い,おも
chest,胸,むね
read,読む,よ
pay,払う,はら
"light, light weight",軽い,かる
find,見つける,み
when,いつ,
"friend, companion",友達,ともだち,Vocab 11
"forget, leave behind",忘れる,わす
"alcoholic drink, Japanese rice wine",酒,さけ
which,どちら,
older sister,姉,あね
"memorize, learn",覚える,おぼ
"narrow, restricted",狭い,せま
"favorite, liked",好き,す
"build, erect",建てる,た
"what, which",どれ,
red,赤い,あか
today,今日,きょう
"wear, put on",着る,き
"laugh, smile",笑う,わら
most,一番,いちばん
"class, lesson",授業,じゅぎょう,Vocab 12
week,週,しゅう
"character, kanji",漢字,かんじ
bicycle,自転車,じてんしゃ
train,電車,でんしゃ
"search for, look for",探す,さが
paper,紙,かみ
sing,歌う,うた
"slow, late",遅い,おそ
neck,首,くび
fast,速い,はや
"together, at the same time",一緒に,いっしょ
diary,日記,にっき
this month,今月,こんげつ
play,遊ぶ,あそ
"far, distant",遠い,とお,Vocab 13
weak,弱い,よわ
"ear, hearing",耳,みみ
"sit, sit down",座る,すわ
right,右,みぎ
take (a shower),浴びる,あ
shoulder,肩,かた
drink,飲む,の
"sleep, go to sleep",寝る,ね
"switch off, turn off",消す,け
"healthy, energetic",元気,げんき
lose,負ける,ま
"all, wholly",全部,ぜんぶ
last year,去年,きょねん
"draw, pull",引く,ひ
library,図書館,としょかん,Vocab 14
"raise, improve",上げる,あ
"green, foliage",緑,みどり
arm,腕,うで
door,ドア,
close,閉じる,と
time,時,とき
rice (grain),米,こめ
cut,切る,き
line,線,せん
be decided,決まる,き
"fun, enjoyable",楽しい,たの
clothes,服,ふく
"back, behind",後ろ,うし
"happy, glad",嬉しい,うれ
"hip, lower back",腰,こし,Vocab 15
Sunday,日曜日,にちようび
"open, unlock",開ける,あ
"daytime, midday",昼,ひる
mother,お母さん,かあ
student studying abroad,留学生,りゅうがくせい
university student,大学生,だいがくせい
"end, conclusion",終わり,お
"height, stature",背,せ
"help, assist",手伝う,てつだ
nose,鼻,はな
occur,起きる,お
"hot (things, touch)",熱い,あつ
"place, put on",載せる,の
sad,悲しい,かな
"love, care for",愛する,あい,Vocab 16
"chat, talk",しゃべる,
"vicinity, nearby",近く,ちか
sweet,甘い,あま
table,テーブル,
food,食べ物,"た, もの"
begin,始まる,はじ
game,ゲーム,
ten,十,じゅう
weather,天気,てんき
"hot, warm (temperature of the air)",暑い,あつ
"thick, fat",太い,ふと
evening (usually from sunset to bedtime),晩,ばん
Saturday,土曜日,どようび
"god, spirit",神,かみ
painful,痛い,いた,Vocab 17
father,お父さん,とう
"probably, perhaps",多分,たぶん
"clock, watch",時計,とけい
stay overnight,泊まる,と
why,どうして,
"hang, put on",掛ける,か
turn,曲がる,ま
stomach,おなか,
meeting,ミーティング,
"shut, close",閉める,し
dislike,嫌い,きら
Friday,金曜日,きんようび
"need, require",要る,い
to not be,無い,な
yellow,黄色い,きいろ,Vocab 18
cold (illness),風邪,かぜ
"gentle, kind",優しい,やさ
"be sunny, clear up",晴れる,は
love,大好き,だいす
light brown,茶色,ちゃいろ
dirty,汚い,きたな
be empty,空く,す
go up,上る,のぼ
"cooked rice, meal",ご飯,はん
day,日,にち
hair,髪の毛,"かみ, け"
switch on,つける,
Monday,月曜日,げつようび
enter,入る,はい
katakana,片仮名,かたかな,Vocab 19
this week,今週,こんしゅう
open,開く,ひら
water,水,みず
that over there,あれ,
two,二,に
"be shut, be closed",閉まる,し
"tighten, fasten",締める,し
"bad-tasting, bad",まずい,
hiragana,平仮名,ひらがな
become cloudy,曇る,くも
"touch, feel",触る,さわ
no good,駄目,だめ
rewrite,書き直す,"か, なお"
"beverage, drink",飲み物,"の, もの"
Thursday,木曜日,もくようび,Vocab 20
day of the week,曜日,ようび
"side, vicinity",そば,
here,こっち,
Tuesday,火曜日,かようび
be thirsty,渇く,かわ
three,三,さん
Wednesday,水曜日,すいようび
two (things),二つ,ふた
"this evening, tonight",今晩,こんばん
thousand,千,せん
six (things),六つ,むっ
"six days, 6th of the month",六日,むいか
older sister,お姉さん,ねえ
"be repaired, return to normal",直る,なお
"easy, simple",易しい,やさ,Vocab 21
"vicinity, part",辺,へん
"way, like, kind",よう,
older brother,お兄さん,にい
"spicy, salty",辛い,から
eight,八,はち
"three days, 3rd of the month",三日,みっか
over there,あそこ,
come,来る,く
"front, before",前,まえ
"five days, 5th of the month",五日,いつか
full,一杯,いっぱい
nine,九,きゅう
sour,酸っぱい,す
"differ, be wrong",違う,ちが
"thin, slender, narrow",細い,ほそ,Vocab 22
three (things),三つ,みっ
"eight days, 8th of the month",八日,ようか
high school student,高校生,こうこうせい
"good, skilled",上手,じょうず
strong,強い,つよ
seven,七,なな
"20 days, 20th of the month",二十日,はつか
left,左,ひだり
"two days, 2nd of the month",二日,ふつか
four (things),四つ,よっ
warm,暖かい,あたた
"exist, possess",有る,あ
good,良い,い
five (things),五つ,いつ
younger sister,妹,いもうと,Vocab 23
"up, above",上,うえ
move,動く,うご
railway station,駅,えき
tasty,おいしい,
big,大きい,おお
younger brother,弟,おとうと
"man, male",男,おとこ
adult,大人,おとな
favor,お願い,ねが
"woman, girl",女,おんな
money,金,かね
"he, one's boyfriend",彼,かれ
yesterday,昨日,きのう
beautiful,奇麗,きれい
mouth,口,くち,Vocab 24
five,五,ご
"nine days, 9th of the month",九日,ここのか
nine (things),九つ,ここの
"answer, reply",答える,こた
"ahead, first",先,さき
cold (temperature of the air),寒い,さむ
four,四,し
"under, below",下,した
"alright, OK",大丈夫,だいじょうぶ
take out,出す,だ
small,小さい,ちい
(speaker's)father,父,ちち
1st of the month,一日,ついたち
moon,月,つき
wife,妻,つま,Vocab 25
"cold (things, touch)",冷たい,つめ
hand,手,て
"ten days, 10th of the month",十日,とおか
sometimes,時々,ときどき
summer,夏,なつ
seven (things),七つ,なな
"what, which",何,なに
"seven days, 7th of the month",七日,なのか
(speaker's)mother,母,はは
person,人,ひと
"one, one person",一人,ひとり
hundred,百,ひゃく
"direction, side",方,ほう
other,他,ほか
I (young male),僕,ぼく,Vocab 26
"want, desire",欲しい,ほ
ten thousand,万,まん
be visible,見える,み
"shop, store",店,みせ
"road, street",道,みち
eye,目,め
eight (things),八つ,やっ
"stop, give up, abolish",止める,や
"four days, 4th of the month",四日,よっか
night (from sunset to sunrise),夜,よる
four,四,よん
next year,来年,らいねん
six,六,ろく
bad,悪い,わる
"toilet, bathroom",お手洗い,てあら,Vocab 27
(your) husband,ご主人,しゅじん
"really, truly",本当に,ほんとう
"self, oneself",自分,じぶん
become,なる,
"sake, purpose",ため,
yen,円,えん
"situation, case",場合,ばあい
"take a day off, take a break",休む,やす
"be found, be caught",見つかる,み
"problem, question",問題,もんだい
development,開発,かいはつ
"affair, case",事件,じけん
"need, necessity",必要,ひつよう
"corporation, business",企業,きぎょう
"do, carry out",行う,おこな,Vocab 28
"the present, present time",現在,げんざい
"utilization, usage",利用,りよう
prime minister,首相,しゅしょう
"maintain, last long",持つ,も
"government, administration",政府,せいふ
announcement,発表,はっぴょう
open,開く,あ
"receive, accept",受ける,う
"more, further",より,
last year,昨年,さくねん
information,情報,じょうほう
"show, indicate",示す,しめ
"construction, building",建設,けんせつ
"sale, selling",販売,はんばい
"be cured, get well",治る,なお,Vocab 29
"function, feature",機能,きのう
"research, study",研究,けんきゅう
one way,一方,いっぽう
dollar,ドル,
system,システム,
time,頃,ころ
"face, be in response to",対する,たい
"method, procedure",方法,ほうほう
"not less than, more than",以上,いじょう
"late, recent",最近,さいきん
"after this, in the future",今後,こんご
world,世界,せかい
"use, make use of",用いる,もち
"tell, talk",語る,かた
computer,コンピューター,,Vocab 30
"center, middle",中心,ちゅうしん
give (to an inferior),やる,
"meaning, significance",意味,いみ
"plan, project",計画,けいかく
"influence, effect",影響,えいきょう
"increase, accrue",増える,ふ
"choose, elect",選ぶ,えら
"economy, economics",経済,けいざい
introduction,導入,どうにゅう
"life, living",生活,せいかつ
"advance, promote",進める,すす
"relation, relationship",関係,かんけい
"continue, keep up",続ける,つづ
robot,ロボット,
"almost, hardly",ほとんど,,Vocab 31
"domestic, internal",国内,こくない
"field, sphere",分野,ぶんや
"company, corporation",会社,かいしゃ
"concern, relate to",関する,かん
"state, appearance",状態,じょうたい
president (of a country),大統領,だいとうりょう
"target, object",対象,たいしょう
"management, process",処理,しょり
"woman, female",女性,じょせい
"house, home",家,いえ
personal computer,パソコン,
"solution, settlement",解決,かいけつ
"implementation, realization",実現,じつげん
"much, largely",多く,おお
"movement, motion",動き,うご,Vocab 32
"talk, story",話,はなし
"price, cost",価格,かかく
"go up, rise",上がる,あ
"another, again",もう,
"collect, gather",集める,あつ
"voice, sound",声,こえ
for the first time,初めて,はじ
"clear, obvious",明らか,あき
part,一部,いちぶ
"investigation, inquiry",調査,ちょうさ
political party,党,とう
change,変わる,か
president (of a company),社長,しゃちょう
the whole country,全国,ぜんこく
"region, area",地域,ちいき,Vocab 33
"important, essential",重要,じゅうよう
"figure, appearance",姿,すがた
first,先ず,ま
Showa era,昭和,しょうわ
society,社会,しゃかい
program,プログラム,
"expectation, anticipation",期待,きたい
"strength, power",力,ちから
"rid of, exclude",除く,のぞ
"general, common",一般,いっぱん
this time,今回,こんかい
"diffusion, spread",普及,ふきゅう
expression,表現,ひょうげん
"work, operation",作業,さぎょう
"schedule, plan",予定,よてい,Vocab 34
"factory, plant",工場,こうじょう
well,よく,
production,生産,せいさん
political power,政権,せいけん
"skill, technology",技術,ぎじゅつ
"as is, still (in the current state)",まま,
"completion, finish",完成,かんせい
change,変化,へんか
"existence, being",存在,そんざい
participation,参加,さんか
television,テレビ,
land,土地,とち
"decrease, diminish",減る,へ
"consideration, inspection",検討,けんとう
politics,政治,せいじ,Vocab 35
"enforcement, implementation",実施,じっし
beginning,開始,かいし
"provide for, furnish",備える,そな
import,輸入,ゆにゅう
"biggest, largest",最大,さいだい
competition,競争,きょうそう
"part, section",部分,ぶぶん
"be extinguished, disappear",消える,き
"family, household",家族,かぞく
contents,内容,ないよう
"compare, contrast",比べる,くら
"be born, come into existence",生まれる,う
give,与える,あた
election,選挙,せんきょ
"opposition, antagonism",対立,たいりつ,Vocab 36
"reason, cause",理由,りゆう
organization,構成,こうせい
"management, administration",管理,かんり
"increase, gain",増加,ぞうか
reform,改革,かいかく
"conversation, meeting",会談,かいだん
"president, chairperson",会長,かいちょう
"software, programme",ソフト,
"offer, provide",提供,ていきょう
free,ただ,
these,これら,
"spread out, reach",広がる,ひろ
"distinctive feature, characteristic",特徴,とくちょう
"investigate, check",調べる,しら
"emphasis, stress",強調,きょうちょう,Vocab 37
"system, organization",制度,せいど
"course, policy",方針,ほうしん
"former, old",従来,じゅうらい
"eventually, sometime",いずれ,
"accident, incident",事故,じこ
"telephone, phone call",電話,でんわ
foreign country,外国,がいこく
"object, purpose",目的,もくてき
freedom,自由,じゆう
"funds, capital",資金,しきん
bank,銀行,ぎんこう
"fact, truth",事実,じじつ
"decision, settlement",決定,けってい
"direction, course",方向,ほうこう
"housing, residence",住宅,じゅうたく,Vocab 38
representative,代表,だいひょう
"violent, intense",激しい,はげ
"stocks, shares",株,かぶ
"negotiation, bargaining",交渉,こうしょう
"result, outcome",結果,けっか
"whole, total",全体,ぜんたい
"after, afterwards",後,のち
"command, order",命令,めいれい
"full, plentiful",十分,じゅうぶん
(not) much,あまり,
"management, operation",経営,けいえい
"cause, origin",原因,げんいん
photograph,写真,しゃしん
"standpoint, position",立場,たちば
"measure, action",対策,たいさく,Vocab 39
repeat,繰り返す,"く, かえ"
"evaluation, appraisal",評価,ひょうか
"still, in addition",なお,
calculation,計算,けいさん
investment,投資,とうし
"possible, potential",可能,かのう
"add, include",加える,くわ
"kind, species",種類,しゅるい
strengthening,強化,きょうか
opinion,意見,いけん
"accompany, go with",伴う,ともな
newspaper,新聞,しんぶん
"writing, prose",文章,ぶんしょう
"stand out, be conspicuous",目立つ,めだ
"design, plan",設計,せっけい,Vocab 40
"construction, structure",構造,こうぞう
"National Diet, parliament",国会,こっかい
"almost, nearly",ほぼ,
opponent,相手,あいて
"occurrence, happening",発生,はっせい
employment,採用,さいよう
"remain, be left over",残る,のこ
stage,段階,だんかい
report,報告,ほうこく
"goods, commodities",商品,しょうひん
"cities, urban community",都市,とし
hospital,病院,びょういん
"scale, scope",規模,きぼ
businessman,業者,ぎょうしゃ
experience,経験,けいけん,Vocab 41
"ability, capacity",能力,のうりょく
"first, outset",最初,さいしょ
international,国際,こくさい
legislator,議員,ぎいん
"journalist, reporter",記者,きしゃ
"place, space",場所,ばしょ
"movement, exercise",運動,うんどう
"service, on the house",サービス,
"gather, be collected",集まる,あつ
"policy, political measures",政策,せいさく
car,車,くるま
"magnification, enlargement",拡大,かくだい
"advance, move forward",進む,すす
"attain, reach",達する,たっ
"conference, meeting",会議,かいぎ,Vocab 42
"equipment, device",装置,そうち
"insistence, assertion",主張,しゅちょう
"record, documentation",記録,きろく
"year, school year",年度,ねんど
industry,産業,さんぎょう
"background, scenery, setting",背景,はいけい
"material, factor",材料,ざいりょう
"requirement, demand",要求,ようきゅう
"citizens, townsmen",市民,しみん
century,世紀,せいき
"drastically, substantially",大幅,おおはば
"processing, manufacturing",加工,かこう
"practice, execution",実行,じっこう
"judgment, decision",判断,はんだん
"organization, constitution, tissue",組織,そしき,Vocab 43
export,輸出,ゆしゅつ
police,警察,けいさつ
"convey, transmit, hand down",伝える,つた
opening (to the public),公開,こうかい
"face, confront, head toward",向かう,む
"repair, cure, alter",直す,なお
"concrete, specific",具体的,ぐたいてき
"wish, ask a favor, apply for",願う,ねが
group,グループ,
individual,個人,こじん
be based on,基づく,もと
"entirely, truly, indeed",全く,まった
"view, way of looking",見方,みかた
"posture, attitude",姿勢,しせい
"cooperation, collaboration",協力,きょうりょく,Vocab 44
person in charge,担当,たんとう
"proposition, proposal",提案,ていあん
"last, final",最後,さいご
"invite, beckon, engage",招く,まね
hotel,ホテル,
"again, a second time",再び,ふたた
"ascension, rising",上昇,じょうしょう
machine,機械,きかい
"attention, notice",注目,ちゅうもく
the past,過去,かこ
"work of art, piece",作品,さくひん
directly,直接,ちょくせつ
"criticism, comment",批判,ひはん
culture,文化,ぶんか
"facilities, institution",施設,しせつ,Vocab 45
success,成功,せいこう
"truth, actual state",実際,じっさい
"natural, as a matter of course",当然,とうぜん
period of one year,年間,ねんかん
"simple, easy",簡単,かんたん
"press, close in on, be imminent",迫る,せま
"gather together, put in order",まとめる,
"occupy, hold",占める,し
"leave, reserve, leave undone",残す,のこ
"language, speech",言語,げんご
education,教育,きょういく
"others, other things",他,た
"transaction, dealings",取引,とりひき
automobile,自動車,じどうしゃ
"oppose, object",反対,はんたい,Vocab 46
"young person, youth",若者,わかもの
"amount, part, share",分,ぶん
"task, problem",課題,かだい
"common, ordinary",通常,つうじょう
similar,同様,どうよう
"degree, extent",程度,ていど
"hit, strike",当たる,あ
sue,訴える,うった
"circumstances, conditions",事情,じじょう
"utterance, speech",発言,はつげん
"tendency, disposition",傾向,けいこう
"holding (of an event), opening",開催,かいさい
"character, letter",文字,もじ
"child, kid",子,こ
"state orally, expound, mention",述べる,の,Vocab 47
activity,活動,かつどう
"term, period",期間,きかん
"constant, standard",一定,いってい
"residents, dwellers",住民,じゅうみん
"reach, be received",届く,とど
"as expected, also, still",やはり,
"effect, result",効果,こうか
"state of affairs, conditions",状況,じょうきょう
confirmation,確認,かくにん
"position, place",位置,いち
clearly,はっきり,
"in short, basically",つまり,
"passing, passage",通過,つうか
"deep, profound, intimate",深い,ふか
"candidacy, candidate",候補,こうほ,Vocab 48
representative athlete,選手,せんしゅ
"sound, noise",音,おと
"mass meeting, tournament",大会,たいかい
"basis, foundation",基本,きほん
"contract, agreement",契約,けいやく
"discovery, revelation",発見,はっけん
"at that time, at the present time",当時,とうじ
"one's house, one's home",自宅,じたく
"air, atmosphere",空気,くうき
"set up, establish",設ける,もう
history,歴史,れきし
every country,各国,かっこく
"specially, particularly",特に,とく
experiment,実験,じっけん
"visit, call on",訪れる,おとず,Vocab 49
"building, structure",建物,たてもの
building,ビル,
they,彼ら,かれ
boy,少年,しょうねん
various countries,諸国,しょこく
"of course, no doubt",もちろん,
"office, one's place of business",事務所,じむしょ
"responsibility, liability",責任,せきにん
"once, formerly",かつて,
be limited to,限る,かぎ
"overseas, abroad",海外,かいがい
"condition, item",条件,じょうけん
"home, family",家庭,かてい
professor,教授,きょうじゅ
population,人口,じんこう,Vocab 50
"sea, ocean",海,うみ
"standard, criterion",基準,きじゅん
"attack, criticism",攻撃,こうげき
"age, antiquity",時代,じだい
"time, season",時期,じき
"production, manufacture",製造,せいぞう
"large, large scale",大型,おおがた
"environs, circumference",周辺,しゅうへん
differ,異なる,こと
"arrest, capture",逮捕,たいほ
"connection, relation",関連,かんれん
"trade, commerce",貿易,ぼうえき
"staff member, employee",社員,しゃいん
"combination, joining",結合,けつごう
nature,自然,しぜん,Vocab 51
sport,スポーツ,
patient,患者,かんじゃ
"why, for what reason",なぜ,
movie,映画,えいが
"line up, be parallel",並ぶ,なら
"pupil, student",生徒,せいと
"like that, unchanged",そのまま,
"this time, next time",今度,こんど
"divide into parts, sort, share",分ける,わ
"carry, transport",運ぶ,はこ
"complicated, intricate",複雑,ふくざつ
"turn round, go round, detour",回る,まわ
high school,高校,こうこう
construction,工事,こうじ
every day,毎日,まいにち,Vocab 52
return to one's country,帰国,きこく
rain,雨,あめ
"pass, elapse",経つ,た
flower,花,はな
"attendance, presence",出席,しゅっせき
foreigner,外国人,がいこくじん
"road, street",道路,どうろ
the Earth,地球,ちきゅう
English,英語,えいご
"danger, dangerous",危険,きけん
"normal, regular",普通,ふつう
"explanation, description",説明,せつめい
half,半分,はんぶん
"attention, care, watch out",注意,ちゅうい
"safety, security",安全,あんぜん,Vocab 53
letter,手紙,てがみ
"endeavor, effort",努力,どりょく
surgical operation,手術,しゅじゅつ
"provide for, prepare for",準備,じゅんび
"protect, observe",守る,まも
"be surprised, be startled",驚く,おどろ
earthquake,地震,じしん
"discuss, talk over",話し合う,"はな, あ"
"tree, wood",木,き
"permit, license, forgive",許す,ゆる
"snow, snowfall",雪,ゆき
animal,動物,どうぶつ
fit,合う,あ
"peace, harmony",平和,へいわ
"very, extremely",非常に,ひじょう,Vocab 54
be late,遅れる,おく
"if, in case of",もし,
graduation,卒業,そつぎょう
"move, shift",移る,うつ
agriculture,農業,のうぎょう
airport,空港,くうこう
"rare, precious",珍しい,めずら
"hurry, hasten",急ぐ,いそ
"intention, purpose",つもり,
"without fail, certainly",必ず,かなら
"figure, numeral",数字,すうじ
"at last, finally",やっと,
"travel, trip",旅行,りょこう
music,音楽,おんがく
"river, stream",川,かわ,Vocab 55
for example,例えば,たと
elementary school,小学校,しょうがっこう
"wall, partition",壁,かべ
"flow, pass, drift away",流れる,なが
dream,夢,ゆめ
"escape, run away",逃げる,に
"pass by, exceed",過ぎる,す
capital,首都,しゅと
"teacher, instructor",教師,きょうし
"consultation, advice",相談,そうだん
"prepare, ready oneself",用意,ようい
news,ニュース,
law,法律,ほうりつ
"awful, serious",大変,たいへん
"war, battle",戦争,せんそう,Vocab 56
"all day, from start to finish",ずっと,
"natural, naturally",自然,しぜん
"island, isle",島,しま
"window, windowpane",窓,まど
"thought, view, idea",考え,かんが
video,ビデオ,
"apartment, apartment block, condominium",マンション,
healthy,健康,けんこう
"passage, street",通り,とお
"be happy, be delighted",喜ぶ,よろこ
be hospitalized,入院,にゅういん
"increase, add",増やす,ふ
"bring up, breed",育てる,そだ
temperature,温度,おんど
"magazine, journal",雑誌,ざっし,Vocab 57
we,私たち,わたし
"meal, dinner",食事,しょくじ
wind,風,かぜ
"early, soon",早く,はや
"bright, cheerful",明るい,あか
drive,運転,うんてん
"awhile, long time, for the time being",しばらく,
height,高さ,たか
borrow,借りる,か
broadcasting,放送,ほうそう
finding employment,就職,しゅうしょく
"size, dimensions",大きさ,おお
"be at a loss, in a jam, in trouble",困る,こま
"pass, take, go through",通る,とお
gas,ガス,,Vocab 58
"husband and wife, married couple",夫婦,ふうふ
"stand, set up, establish",立てる,た
"stretch, grow",伸びる,の
"hear, be heard",聞こえる,き
"kill, smother",殺す,ころ
"quiet, tranquil",静か,しず
"be divided, disperse, branch off",分かれる,わ
"detailed, complete",詳しい,くわ
"accurate, precise",正確,せいかく
good at,うまい,
"hit, strike",打つ,う
"industry, manufacturing industry",工業,こうぎょう
"office worker, salaried worker, company employee",サラリーマン,
famous,有名,ゆうめい
"discard, abandon",捨てる,す,Vocab 59
"move, shift, transfer",移す,うつ
"correct, righteous, lawful",正しい,ただ
"sell, be in demand",売れる,う
program,番組,ばんぐみ
"substitute, be substituted for",代わる,か
"arrive, make contact, settle",着く,つ
bus,バス,
junior high school,中学,ちゅうがく
song,歌,うた
"thin, weak, pale",薄い,うす
"decrease, reduce",減らす,へ
science,科学,かがく
"promise, vow",約束,やくそく
"departure, starting",出発,しゅっぱつ
"move, operate",動かす,うご,Vocab 60
"introduction, presentation",紹介,しょうかい
"fall over, succumb",倒れる,たお
"seat, one's place",席,せき
"heat, fever",熱,ねつ
price,値段,ねだん
length,長さ,なが
class,クラス,
"neighboring house, next seat",隣,となり
"truck, lorry",トラック,
embassy,大使館,たいしかん
"die, pass away",亡くなる,な
party,パーティー,
dog,犬,いぬ
"delicious, tasty",うまい,
"special, extraordinary",特別,とくべつ,Vocab 61
"classroom, class",教室,きょうしつ
glass,ガラス,
"wave, shake, brandish",振る,ふ
"drop, omit",落とす,お
evening,夕方,ゆうがた
"course, route",コース,
"apartment, flat, apartment house",アパート,
"novel, story",小説,しょうせつ
record,レコード,
knock,どんどん,
"go to and from, frequent a place",通う,かよ
"secret, privacy",秘密,ひみつ
"cooking, handling",料理,りょうり
"painful, difficult",苦しい,くる
"believe, trust, have faith in",信じる,しん,Vocab 62
"something, some",何か,なに
camera,カメラ,
"lower, turn down",下げる,さ
studying abroad,留学,りゅうがく
"unreasonable, impossible, forced",無理,むり
"decorate, exhibit",飾る,かざ
north,北,きた
"visit, call on",訪ねる,たず
"tape, cassette",テープ,
horse,馬,うま
eldest son,長男,ちょうなん
neighborhood,近所,きんじょ
mathematics,数学,すうがく
"enter a school, matriculate",入学,にゅうがく
"black, dark",黒い,くろ,Vocab 63
"ask, request",頼む,たの
"line up, display, set up",並べる,なら
"receive, understand",受け取る,"う, と"
sun,太陽,たいよう
"old person, older councilor",年寄り,としよ
"taste, flavor",味,あじ
"recollect, recall",思い出す,"おも, だ"
"minute, elaborate",細かい,こま
"results, record",成績,せいせき
tear,涙,なみだ
"side, width across",横,よこ
"hole, cavity",穴,あな
season,季節,きせつ
"beer, lager",ビール,
"malfunction, fault, breakdown",故障,こしょう,Vocab 64
"rear, reverse, inside",裏,うら
page,ページ,
"welcome, go out to meet, invite",迎える,むか
vegetable,野菜,やさい
"carry across, hand over",渡す,わた
"offer, give",贈る,おく
"passing an examination, eligibility",合格,ごうかく
"chart, graph",グラフ,
"park, public garden",公園,こうえん
"door, shutter",戸,と
junior high school student,中学生,ちゅうがくせい
"entrance, door",玄関,げんかん
"photograph, shoot, film",撮る,と
summer vacation,夏休み,なつやす
every year,毎年,まいとし,Vocab 65
"map, atlas",地図,ちず
"seashore, coast",海岸,かいがん
"suddenly, unexpectedly",急に,きゅう
"girl, daughter",女の子,"おんな, こ"
"post box, letter box",ポスト,
"dark, dreary, shadowy",暗い,くら
both,両方,りょうほう
"the other side, the other party, opponent",向こう,む
"busy, occupied",忙しい,いそが
"salary, pay",給料,きゅうりょう
"test, exam",テスト,
all over,あちこち,
"run out, expire, can cut",切れる,き
baseball,野球,やきゅう
"test, examination",試験,しけん,Vocab 66
typhoon,台風,たいふう
"rule, regulation",規則,きそく
great distance,遠く,とお
golf,ゴルフ,
female nurse,看護婦,かんごふ
radio,ラジオ,
meet,逢う,あ
"taxi, cab",タクシー,
next month,来月,らいげつ
"textbook, schoolbook",教科書,きょうかしょ
"electricity, electric light",電気,でんき
"urgent, dire, pressing",急,きゅう
slowly,ゆっくり,
sibling,兄弟,きょうだい
beef,牛肉,ぎゅうにく,Vocab 67
"for sure, for certain",確か,たし
grow accustomed to,慣れる,な
"thick, bulky",厚い,あつ
"return, repay",返す,かえ
junior high school,中学校,ちゅうがっこう
"thick woods, forest",森,もり
"get off, land",降りる,お
"song, melody, tune",曲,きょく
"play, amusement",遊び,あそ
"inner part, the back, inner chamber",奥,おく
"one's forte, pride, customer",得意,とくい
"come down, hang down, fall",下がる,さ
restaurant,レストラン,
doctor,医者,いしゃ
"card, credit card",カード,,Vocab 68
"blow, play on a wind instrument",吹く,ふ
"signal, traffic light",信号,しんごう
"picture, painting, drawing",絵,え
"repair, mending",修理,しゅうり
subway,地下鉄,ちかてつ
baby,赤ちゃん,あか
"interesting, amusing",面白い,おもしろ
divorce,離婚,りこん
"schoolchildren, schoolboy",小学生,しょうがくせい
"be brought up, grow",育つ,そだ
"count, calculate",数える,かぞ
"casual job, student job, part-time job",アルバイト,
"shopping, purchase",買い物,"か, もの"
"stone, small rock",石,いし
"drug, remedy, chemical",薬,くすり,Vocab 69
every year,毎年,まいねん
"turn, rotate",回す,まわ
"copy, photocopy",コピー,
"hit, bump into",ぶつかる,
driver,運転手,うんてんしゅ
church,教会,きょうかい
film,フィルム,
future,未来,みらい
"principal, schoolmaster",校長,こうちょう
"department store, department",デパート,
see (someone) off,見送る,みおく
"turn, face, look",向く,む
"shake, sway, rock",揺れる,ゆ
"hair, hairstyle",髪,かみ
"box, case",箱,はこ,Vocab 70
"recollections, memory",思い出,"おも, で"
bed,ベッド,
"Shinkansen, Bullet Train",新幹線,しんかんせん
have children,生む,う
"married lady, your wife",奥さん,おく
"steps, flight of stairs",階段,かいだん
invitation,招待,しょうたい
"coat, jacket",コート,
"burn, undergo combustion",燃える,も
"dining hall, restaurant",食堂,しょくどう
ceiling,天井,てんじょう
"section, division, lesson",課,か
"shoes, boots",靴,くつ
"reservation, subscription",予約,よやく
the year before last,一昨年,おととし,Vocab 71
"holiday, day off",休日,きゅうじつ
"order, request",注文,ちゅうもん
rent,家賃,やちん
"walk, stroll",散歩,さんぽ
"commuting, commutation",通勤,つうきん
"note book, laptop",ノート,
"resign, retire",辞める,や
"way, method",仕方,しかた
kitchen,台所,だいどころ
"be built, be erected",建つ,た
"step on, tread on",踏む,ふ
"hand out, distribute, allot",配る,くば
"grasp, make hand-rolled sushi balls",握る,にぎ
"practice, training",練習,れんしゅう
"strength, power",強さ,つよ,Vocab 72
after a long time,久しぶり,ひさ
"going and returning, round trip",往復,おうふく
"large numbers, a lot of",大勢,おおぜい
"intimate, familiar",親しい,した
"number, serial number",番号,ばんごう
wine,ワイン,
"roll up, wind, wrap",巻く,ま
blue,青い,あお
"strange, peculiar, suspicious",おかしい,
"cross, ford, go across",渡る,わた
"cattle, cow",牛,うし
ice,氷,こおり
"greet, greeting",挨拶,あいさつ
wash,洗う,あら
"inquire, search for",尋ねる,たず,Vocab 73
"tap, hit",叩く,たた
"hallway, corridor",廊下,ろうか
post office,郵便局,ゆうびんきょく
"divide, crack, split",割る,わ
entering a school of higher grade,進学,しんがく
toilet,トイレ,
"bloom, blossom",咲く,さ
parking area,駐車場,ちゅうしゃじょう
"cry, weep",泣く,な
roof,屋根,やね
"guide, inform",案内,あんない
"camping, camp",キャンプ,
"baggage, load",荷物,にもつ
"trouble, annoyance",迷惑,めいわく
last month,先月,せんげつ,Vocab 74
art museum,美術館,びじゅつかん
"tear, break through, breach",破る,やぶ
love,愛,あい
black,黒,くろ
"refuse, turn down",断る,ことわ
"article, thing",品物,しなもの
plastic,プラスチック,
"lend, lease",貸す,か
"sink, set",沈む,しず
"shine, emit light",光る,ひか
right hand,右手,みぎて
"red, crimson",赤,あか
egg,卵,たまご
"get tired, become fatigued",疲れる,つか
"boy, baby boy",男の子,"おとこ, こ",Vocab 75
swim,泳ぐ,およ
"inside, interior",内側,うちがわ
"custom, habit",習慣,しゅうかん
"throw, abandon",投げる,な
color,カラー,
New Year,正月,しょうがつ
"hobby, interest",趣味,しゅみ
"steal, rob",盗む,ぬす
piano,ピアノ,
pond,池,いけ
graduate school,大学院,だいがくいん
"how many degrees, how many times",何度,なんど
"unhappiness, misfortune, bereavement",不幸,ふこう
"terrible, awful",恐ろしい,おそ
discharge from a hospital,退院,たいいん,Vocab 76
"attach itself to, be connected with, come in contact with",付く,つ
weight,重さ,おも
"commerce, trade",商業,しょうぎょう
"ski, skiing",スキー,
"lay, spread",敷く,し
"peace of mind, relief",安心,あんしん
"thread, yarn",糸,いと
"not at all, hardly",なかなか,
doll,人形,にんぎょう
pool,プール,
silver,銀,ぎん
"smell, odor",匂い,にお
platform,ホーム,
traffic accident,交通事故,こうつうじこ
"happiness, good fortune",幸せ,しあわ,Vocab 77
"inhale, suck",吸う,す
"shallow, superficial",浅い,あさ
"observation tour, study tour, field trip",見学,けんがく
"thick, concentrated, dark-colored",濃い,こ
"break, destroy, smash",壊す,こわ
"be in time, answer the purpose, can do without",間に合う,"ま, あ"
"deliver, give notice",届ける,とど
"leaf, needle",葉,は
elevator,エレベーター,
"memorandum, memo pad",メモ,
"fine, excellent",立派,りっぱ
Japanese inn,旅館,りょかん
"wonderful, great, incredible",凄い,すご
bread,パン,
surprised,びっくりする,,Vocab 78
"convenience, handiness",便利,べんり
sugar,砂糖,さとう
"rest, holiday, absence",休み,やす
sound recording,録音,ろくおん
"way of speaking, expression",言い方,"い, かた"
"return, going home",帰り,かえ
weekend,週末,しゅうまつ
"trousers, pants",ズボン,
"suffice, serve, be satisfied",足りる,た
"pick up, find",拾う,ひろ
festival,祭り,まつ
museum,博物館,はくぶつかん
"blue, green, green light",青,あお
"sales floor, department",売り場,"う, ば"
"toy, plaything",おもちゃ,,Vocab 79
wealthy person,金持ち,かねも
"persist, be tenacious",頑張る,がんば
gram,グラム,
coffee,コーヒー,
"cherry tree, cherry blossom",桜,さくら
"stab, prick, sting",刺す,さ
tent,テント,
boat,ボート,
"meet with, encounter",遭う,あ
ball,ボール,
"motorbike, motorcycle",オートバイ,
"foreigner, alien",外人,がいじん
"cat, feline",猫,ねこ
"hide, disappear",隠れる,かく
"kind, friendly",親切,しんせつ,Vocab 80
"by all means, at any cost",是非,ぜひ
"attending school, going to school",通学,つうがく
"deposit, entrust",預ける,あず
"attach, set, apply",付ける,つ
"learn, practice",習う,なら
"build, set up, construct",組み立てる,"く, た"
"spread on, paint",塗る,ぬ
left hand,左手,ひだりて
"cruel, severe",ひどい,
separately,別々,べつべつ
every week,毎週,まいしゅう
temperature,気温,きおん
kick,蹴る,け
deep red,真っ赤,"ま, か"
foreign language,外国語,がいこくご,Vocab 81
"clothes, kimono",着物,きもの
milk,牛乳,ぎゅうにゅう
"one's dwelling, address",住所,じゅうしょ
last week,先週,せんしゅう
"airport, airfield",飛行場,ひこうじょう
ambulance,救急車,きゅうきゅうしゃ
"go down, come down",下りる,お
fruit,果物,くだもの
"mistake, error",間違い,まちが
you,あなた,
movie theater,映画館,えいがかん
dance,踊る,おど
"fearful, be afraid",怖い,こわ
mirror,鏡,かがみ
"grass, weed",草,くさ,Vocab 82
"honorific language, polite speech",敬語,けいご
"absence, nonattendance",欠席,けっせき
switch,スイッチ,
cleaning,掃除,そうじ
"tatami, mat",畳,たたみ
speed,速さ,はや
"woods, grove",林,はやし
"present, gift",プレゼント,
"box lunch, picnic lunch",弁当,べんとう
"always, at all times",いつでも,
"lonely, desolate, sad",寂しい,さび
at all,少しも,すこ
"respect, esteem, honor",尊敬,そんけい
tennis,テニス,
"area, extent",広さ,ひろ,Vocab 83
"reading, judgment, foresight",読み,よ
"plant, raise",植える,う
"patience, self-restraint",我慢,がまん
"nationality, citizenship",国籍,こくせき
"here, this way",こちら,
"shy, ashamed, disgraceful",恥ずかしい,は
button,ボタン,
clothes,洋服,ようふく
"oil, animal oil",油,あぶら
"funny, amusing, comical",おかしい,
"remain over, be in excess",余る,あま
court,コート,
"honest, upright",正直,しょうじき
"drama, theater, soap opera",ドラマ,
visa,ビザ,,Vocab 84
"water service, channel",水道,すいどう
"clerk, salesperson",店員,てんいん
"electric cell, battery",電池,でんち
pocket,ポケット,
"handshake, handshaking",握手,あくしゅ
"stiff, tight",固い,かた
"soon, quietly",そろそろ,
grapes,ぶどう,
"be perplexed, hesitate, get lost",迷う,まよ
hold down,押さえる,お
"sightseeing, visit",見物,けんぶつ
"let know, inform",知らせる,し
Shinto shrine,神社,じんじゃ
"injection, shot",注射,ちゅうしゃ
rarely,めったに,,Vocab 85
"lover, sweetheart",恋人,こいびと
"purse, wallet",財布,さいふ
"composition, essay",作文,さくぶん
"sound, ring, roar",鳴る,な
"serious, sober, earnest",真面目,まじめ
"apply, make a proposal",申し込む,"もう, こ"
refrigerator,冷蔵庫,れいぞうこ
"like, be pleased with",気に入る,"き, い"
Christmas,クリスマス,
"tie, necktie",ネクタイ,
thickness,厚さ,あつ
"receive, accept",受け付ける,"う, つ"
birthday,誕生日,たんじょうび
"single life, celibacy",独身,どくしん
"bitter, sour",苦い,にが,Vocab 86
violin,バイオリン,
passport,パスポート,
bag,バッグ,
"until now, so far",今まで,いま
ticket,切符,きっぷ
elastic,ゴム,
jet airplane,ジェット機,き
"a little, a few",少々,しょうしょう
"extremely, considerably",随分,ずいぶん
"pull, drag",引っ張る,"ひ, ぱ"
"cap, hat",帽子,ぼうし
"burn, be scorched, be baked",焼ける,や
pencil,鉛筆,えんぴつ
conversation,会話,かいわ
guitar,ギター,,Vocab 87
tea (plain form),茶,ちゃ
"heat, summer heat",暑さ,あつ
stomach,胃,い
chair,椅子,いす
tea (polite),お茶,ちゃ
"dance, dancing",踊り,おど
"no smoking, giving up smoking",禁煙,きんえん
second son,次男,じなん
"sweater, pullover",セーター,
"move, change quarters",引っ越す,"ひ, こ"
round,丸い,まる
"be taken, be seen through",写る,うつ
"coffee shop, tea house, café",喫茶店,きっさてん
"wholly, at all",全然,ぜんぜん
"just as I thought, after all",やっぱり,,Vocab 88
weekly magazine,週刊誌,しゅうかんし
"cupboard, shelf, rack",棚,たな
"tremble, quiver, shake",震える,ふる
"polish, grind",磨く,みが
curtain,カーテン,
fire,火事,かじ
shirt,シャツ,
knife,ナイフ,
"everybody, ladies and gentlemen",皆さん,みな
second daughter,次女,じじょ
"savings, deposit",貯金,ちょきん
"motorbike, motor cycle",バイク,
"receive on deposit, take charge of",預かる,あず
"some time, some day",いつか,
orange,オレンジ,,Vocab 89
"bite, chew",噛む,か
"tight, difficult",きつい,
"grind down, trim, scale back",削る,けず
"go over, go across, go beyond",越える,こ
"parcel, package",小包,こづつみ
New Year,新年,しんねん
delivery,配達,はいたつ
zoo,動物園,どうぶつえん
envelope,封筒,ふうとう
"dangerous, uncertain",危ない,あぶ
"cute, charming, sweet",可愛い,かわい
"some time ago, only a moment ago",さっき,
homework,宿題,しゅくだい
"textbook, text, text file",テキスト,
plastic bag,ビニール,,Vocab 90
apple,りんご,
album,アルバム,
grandfather,お祖父さん,じい
swimming,水泳,すいえい
"be crowded, be congested",混む・込む,"こ, こ"
judo,柔道,じゅうどう
skirt,スカート,
"come off, be removed",取れる,と
pen,ペン,
"thing, object",物,もの
soft,柔らかい,やわ
"mail service, postal matter",郵便,ゆうびん
"crack, be divided, split",割れる,わ
station employee,駅員,えきいん
"chatter, talkative",おしゃべり,,Vocab 91
postage stamp,切手,きって
green,緑色,みどりいろ
every morning,毎朝,まいあさ
"bend, curve",曲げる,ま
kindergarten,幼稚園,ようちえん
"surely, certainly",きっと,
science,理科,りか
underwear,下着,したぎ
"cool, refreshing",涼しい,すず
"grow fat, fatten",太る,ふと
air conditioning,冷房,れいぼう
"separate, part from",別れる,わか
become available or vacant,空く,あ
"key, lock",鍵,かぎ
"umbrella, parasol",傘,かさ,Vocab 92
"go out, be about to go out",出掛ける,でか
every evening,毎晩,まいばん
"center, middle",真ん中,"ま, なか"
ring,指輪,ゆびわ
"how many, how old",幾つ,いく
"rot, corrode",腐る,くさ
"poverty, destitution",貧乏,びんぼう
"mistake, confuse",間違える,まちが
"menu, bill of fare",メニュー,
ice cream,アイスクリーム,
"dressing up smartly, trendy",おしゃれ,
"rest, repose",休憩,きゅうけい
tongue,舌,した
"juice, soft drink",ジュース,
"splendid, excellent",素晴らしい,すば,Vocab 93
zero,ゼロ,
morning edition,朝刊,ちょうかん
"polite, courteous, careful",丁寧,ていねい
"person that is hard to deal with, weak point",苦手,にがて
"sun, sunlight, day",日,ひ
moving,引っ越し,"ひ, こ"
"sidewalk, footpath",歩道,ほどう
"snap, be folded, give in",折れる,お
seeing someone off,見送り,みおく
evening edition,夕刊,ゆうかん
"the other day, recently",この間,あいだ
"cool down, feel chilly",冷える,ひ
pink,ピンク,
glass,グラス,
"hair, wool",毛,け,Vocab 94
blackboard,黒板,こくばん
"dance, dancing",ダンス,
"accumulate, get accumulated",積もる,つ
half a year,半年,はんとし
"exit, exit ramp",出口,でぐち
"climb, mount, go up",登る,のぼ
pure-white,真っ白,"ま, しろ"
uncle,おじ,
"bring down, take down, pull down",下ろす,お
"lend, lend out",貸し出す,"か, だ"
"soccer, football",サッカー,
heating,暖房,だんぼう
gloves,手袋,てぶくろ
not at home,留守,るす
lie,嘘,うそ,Vocab 95
"reserve, hesitation, forethought",遠慮,えんりょ
"break off, fold, bend",折る,お
"tonight, this evening",今夜,こんや
"soup, broth",スープ,
banana,バナナ,
"noisy, annoying, pesky",うるさい,
"poor, pitiable",可哀相,かわいそう
"police car, patrol car",パトカー,
hamburger,ハンバーガー,
blanket,毛布,もうふ
escalator,エスカレーター,
"young lady, your daughter",お嬢さん,じょう
towel,タオル,
"pocketbook, memo",手帳,てちょう
"change, transfer",乗り換える,"の, か",Vocab 96
"booth, store",売店,ばいてん
pachinko (vertical pinball),パチンコ,
beautiful woman,美人,びじん
"bookstore, bookseller",本屋,ほんや
"tangerine, mandarin orange",みかん,
apologize,謝る,あやま
cake,ケーキ,
"cup, glass",コップ,
the four seasons,四季,しき
rice field,田んぼ,た
weather forecast,天気予報,てんきよほう
nylon,ナイロン,
"strange, weird, funny",変,へん
next week,来週,らいしゅう
"for life, with all one's might",一生懸命,いっしょうけんめい,Vocab 97
"dry, run dry",乾く,かわ
"plate, counter for plates or helpings",皿,さら
"be mistaken, be incorrect",間違う,まちが
office,事務室,じむしつ
fire engine,消防車,しょうぼうしゃ
suit,スーツ,
ticket,チケット,
chocolate,チョコレート,
"thief, crook",泥棒,どろぼう
"remove clothes, take off",脱ぐ,ぬ
New Year's card,年賀状,ねんがじょう
"vehicle, conveyance",乗り物,"の, もの"
"futon, bedquilt",布団,ふとん
"be useful, be helpful",役に立つ,"やく, た"
"tear, rip open",破れる,やぶ,Vocab 98
"things to do, errand, business",用事,ようじ
"copy, photograph",写す,うつ
wrist watch,腕時計,うでどけい
"present, gift",贈り物,"おく, もの"
channel,チャンネル,
"boring, dull",つまらない,
"match, matchbox",マッチ,
cousin,従兄弟,いとこ
"cool, chill",冷やす,ひ
"put in order, dispose of, do away with",片付ける,かたづ
a toast,乾杯,かんぱい
"paraffin heater, stove",ストーブ,
stoppage,停車,ていしゃ
"cry, chirp, meow",鳴く,な
gas station,ガソリンスタンド,,Vocab 99
one way,片道,かたみち
this morning,今朝,けさ
police box,交番,こうばん
"very, greatly",大分,だいぶ
rainy season,梅雨,つゆ
date,デート,
"sliding door, fusuma",ふすま,
"dead straight, honestly",真っ直ぐ,"ま, す"
lemon,レモン,
"coat, jacket",上着,うわぎ
"great, famous, eminent",偉い,えら
"how to write, way of writing",書き方,"か, かた"
"cook, boil",炊く,た
cheese,チーズ,
drive,ドライブ,,Vocab 100
railroad crossing,踏切,ふみきり
racket,ラケット,
"receptionist, information office",受付,うけつけ
"get angry, scold",怒る,おこ
"make up, put on makeup",化粧,けしょう
sushi,寿司,すし
flight attendant,スチュワーデス,
circumstances,都合,つごう
"tape recorder, cassette recorder",テープレコーダー,
"moustache, beard",ひげ,
bookshelf,本棚,ほんだな
pitch-dark,真っ暗,"ま, くら"
"boil, be excited",沸く,わ
"be sold out, go out of stock",売り切れる,"う, き"
closet,押し入れ,"お, い",Vocab 101
leather,革,かわ
soundly,ぐっすり,
black tea,紅茶,こうちゃ
disturbing,邪魔,じゃま
"sauce, Worcestershire sauce",ソース,
typewriter,タイプライター,
"add, supplement",足す,た
tomato,トマト,
"put on footwear, wear",履く,は
butter,バター,
"start, leave",発車,はっしゃ
volleyball,バレーボール,
side dish,おかず,
calendar,カレンダー,
the year after next,再来年,さらいねん,Vocab 102
joke,冗談,じょうだん
"approach, get acquainted",近付く,ちかづ
telephone book,電話帳,でんわちょう
handbag,ハンドバッグ,
bell,ベル,
"dry, desiccate",干す,ほ
ink,インク,
mosquito,蚊,か
"ticket barrier, wicket",改札口,かいさつぐち
"feel sad, lament",悲しむ,かな
"air conditioning, cooler",クーラー,
"socks, stockings",靴下,くつした
"impoliteness, bad manners, I beg your parden/Goodbye",失礼,しつれい
"Christian Era, A.D.",西暦,せいれき
washing machine,洗濯機,せんたくき,Vocab 103
tofu,豆腐,とうふ
"siesta, nap",昼寝,ひるね
inconvenient,不便,ふべん
"milk, baby milk",ミルク,
other side,向こう側,"む, がわ"
hundred million,億,おく
"thanks, reward, return present",お礼,れい
"dress, put on clothes",着せる,き
salad,サラダ,
"vegetable store, greengrocer",八百屋,やおや
uncle,おじさん,
"substitute, use in place of",代える,か
"express train, going in a hurry",急行,きゅうこう
"crossing, intersection",交差点,こうさてん
senior high school,高等学校,こうとうがっこう,Vocab 104
"awake, wake up",覚める,さ
"noon recess, lunch break",昼休み,ひるやす
belt,ベルト,
"deep-black, jet-black",真っ黒,"ま, くろ"
"everyone, ladies and gentlemen",皆様,みなさま
ramen (Chinese noodles),ラーメン,
lighter,ライター,
"(business) shirt, (white) shirt",ワイシャツ,
"tumble down, fall over",転ぶ,ころ
"cool off, subside",冷める,さ
shower,シャワー,
electric fan,扇風機,せんぷうき
"tardiness, lateness",遅刻,ちこく
"angle, fish",釣る,つ
"noodles, Japanese wheat noodles",うどん,,Vocab 105
"outrun, overtake",追い越す,"お, こ"
"kana, Japanese syllabary",仮名,かな
my wife,家内,かない
"memorial day, anniversary",記念日,きねんび
"downhill, going down",下り,くだ
"notice board, bulletin board",掲示板,けいじばん
"freeze, congeal",凍る,こお
"rubbish, trash",ごみ,
fire station,消防署,しょうぼうしょ
supermarket,スーパーマーケット,
handkerchief,ハンカチ,
videotape,ビデオテープ,
"wander aimlessly, hang about",ぶらぶら,
"news reader, announcer",アナウンサー,
dictionary,辞書,じしょ,Vocab 106
cooking food for oneself,自炊,じすい
"stop, turn off",止める,と
spoon,スプーン,
"younger, junior",年下,としした
"cure, heal",治す,なお
chopsticks,箸,はし
flower viewing,花見,はなみ
"drawer, withdrawal",引き出し,"ひ, だ"
blouse,ブラウス,
"translation, rendering",訳,やく
ribbon,リボン,
"how, what",いかが,
be present,居る,い
"traveling expense, transportation cost",交通費,こうつうひ
stereo,ステレオ,,Vocab 107
"slide, slip, flunk an examination",滑る,すべ
fast talking,早口,はやくち
fork,フォーク,
"turn over, turn inside out",裏返す,うらがえ
aunt,おば,
"corner, edge, angle",角,かど
"shining, sparkling",きらきら,
triangle,三角,さんかく
please,どうぞ,
library,図書室,としょしつ
entrance ticket,入場券,にゅうじょうけん
necklace,ネックレス,
pajamas,パジャマ,
ballpoint pen,ボールペン,
fountain pen,万年筆,まんねんひつ,Vocab 108
"soft, tender, gentle",柔らか,やわ
"awaken, wake up",覚ます,さ
watermelon,すいか,
"there, that way",そちら,
"buckwheat noodles, soba",そば,
"generally, mostly",大抵,たいてい
super-express,特急,とっきゅう
which,どっち,
"glue, starch",糊,のり
basketball,バスケットボール,
"fine weather, clear sky",晴れ,は
"desire, wish for, covet",欲しがる,ほ
miso soup,味噌汁,みそしる
"way of reading, reading",読み方,"よ, かた"
"dislike, have a dislike for",嫌,いや,Vocab 109
entrance,入り口,"い, ぐち"
in various ways,色々,いろいろ
"unload, set down",降ろす,お
"hang, splash, require",掛かる,か
sandwich,サンドイッチ,
"square, quadrilateral",四角,しかく
"square, four-sided",四角い,しかく
"hit against, come to the end of",突き当たる,"つ, あ"
commuter's pass,定期券,ていきけん
smile,にこにこ,
"fool, nonsense",馬鹿,ばか
"surname, family name",名字,みょうじ
"go down, go down or away from a central place",下る,くだ
wool,ウール,
"cola, coke",コーラ,,Vocab 110
toilet paper,トイレットペーパー,
who,どなた,
"change, transfer",乗り換え,"の, か"
hiking,ハイキング,
ashtray,灰皿,はいざら
bus stop,バス停,てい
ham,ハム,
boyfriend,ボーイフレンド,
floor,床,ゆか
"illustrative sentence, example",例文,れいぶん
Roman alphabet,ローマ字,じ
iron,アイロン,
strawberry,苺,いちご
curried rice,カレーライス,
cash card,キャッシュカード,,Vocab 111
"cloudiness, cloudy weather",曇り,くも
fish,魚,さかな
salt,塩,しお
"stop, station",停留所,ていりゅうじょ
"barber, barbershop",床屋,とこや
dentist,歯医者,はいしゃ
"toothpaste, brushing one's teeth",歯磨き,はみが
early rising,早起き,はやお
winter vacation,冬休み,ふゆやす
take,持って行く,"も, い"
"evening meal, supper",夕飯,ゆうはん
"drunkard, boozer",酔っ払い,"よ, ぱら"
"example, precedent",例,れい
earrings,イヤリング,
"pedestrian crossing, crosswalk",横断歩道,おうだんほどう,Vocab 112
bow,お辞儀,じぎ
"your home, you, fan, geek",お宅,たく
girlfriend,ガールフレンド,
cassette tape,カセットテープ,
itchy,かゆい,
dry,乾かす,かわ
temporary closure of school,休校,きゅうこう
wobble,ぐらぐら,
airmail,航空便,こうくうびん
jam,ジャム,
slippers,スリッパ,
hate,大嫌い,だいきら
"fold, shut",畳む,たた
"(a pack of) cards, (playing) cards",トランプ,
Banzai! Hurrah! Long live...!,万歳,ばんざい,Vocab 113
"lot number, address",番地,ばんち
the shade,日陰,ひかげ
beauty shop,美容院,びよういん
"stationery, writing materials",文房具,ぶんぼうぐ
license,免許証,めんきょしょう
translate,訳す,やく
all right,よろしい,
rush hour,ラッシュアワー,
"money changing, exchange of money",両替,りょうがえ
tomorrow,明日,あした
kana suffix,送り仮名,"おく, がな"
"be put in order, be settled",片付く,かたづ
cup,カップ,
eraser,消しゴム,け
"master, husband",主人,しゅじん,Vocab 114
"skate, skates",スケート,
"in large quantity, plenty",たくさん,
"inside, middle",中,なか
"pan, saucepan",鍋,なべ
"be lazy, neglect",怠ける,なま
"second floor, upstairs",二階,にかい
"late riser, oversleeping",寝坊,ねぼう
"scissors, pincers, tongs",鋏,はさみ
"field, vegetable garden",畑,はたけ
picnic,ピクニック,
"deep-blue, pale (skin)",真っ青,"ま, さお"
"make dirty, soil",汚す,よご
get drunk,酔っ払う,"よ, ぱら"
"something left behind, lost item",忘れ物,"わす, もの"
way over there,あちら,,Vocab 115
multiplication,掛け算,"か, ざん"
"ill-smelling, stinking",臭い,くさ
"self-study, self-teaching",自習,じしゅう
end of a street,突き当たり,"つ, あ"
"feel excited, feel nervous",どきどき,
"lose, get rid of",無くす,な
natto (fermented soybeans),納豆,なっとう
20 years old,二十歳,はたち
"east, eastern",東,ひがし
"OK, not bad, average",まあまあ,
"scarf, muffler",マフラー,
"peach, peach tree",桃,もも
"accessories, jewelry",アクセサリー,
yawn,あくび,
"candy, sweets",飴,あめ,Vocab 116
"sellout, sold out",売り切れ,"う, き"
policeman,お巡りさん,まわ
"thirsty, dry",からから,
yellow,黄色,きいろ
"invite, ask out",誘う,さそ
"special delivery, express mail",速達,そくたつ
"tooth, cog",歯,は
subtraction,引き算,"ひ, ざん"
"in the morning, before noon",昼前,ひるまえ
weak,ふらふら,
alarm clock,目覚まし時計,"めざ, どけい"
"preparation, previewing (a lesson)",予習,よしゅう
spill,こぼす,
lunch,ランチ,
receipt,レシート,,Vocab 117
bring,持って来る,"も, く"
"take care of, pay attention to",気を付ける,"き, つ"
"sashimi, sliced raw meat",刺身,さしみ
"washroom, bathroom",洗面所,せんめんじょ
addition,足し算,"た, ざん"
"gradually, one after another",段々,だんだん
chalk,チョーク,
"wrap, pack",包む,つつ
tissue,ティッシュ,
"come to a stop, cease",止まる,と
"disappear, run short, get lost",無くなる,な
"west, western",西,にし
knock,ノック,
toothbrush,歯ブラシ,は
"free time, spare time",暇,ひま,Vocab 118
"pig, pork",豚,ぶた
two persons,二人,ふたり
"praise, commend",褒める,ほ
bookcase,本箱,ほんばこ
"stop, abate",止む,や
"properly, one's regards",よろしく,
"boil, excite",沸かす,わ
day after tomorrow,明後日,あさって
how much,幾ら,いく
picture postcard,絵葉書,えはがき
"warm, warm up, heat up",暖める,あたた
day before yesterday,一昨日,おととい
"exchange, convert",換える,か
registered mail,書留,かきとめ
empty,がらがら,,Vocab 119
"canned goods, cooping-up",缶詰,かんづめ
"dazzling, glaring, blinding",ぎらぎら,
nine,九,く
injury,怪我,けが
"coldness, cold",寒さ,さむ
"holiday, festival day",祝日,しゅくじつ
sukiyaki,すき焼き,や
"there, thou",そっち,
postcard,葉書,はがき
"sweep, brush",掃く,は
"daytime, day",昼間,ひるま
"table tennis, ping pong",ピンポン,
"depth, profundity",深さ,ふか
"unkind, inattentive",不親切,ふしんせつ
"hungry, starving",ぺこぺこ,,Vocab 120
fluently,ぺらぺら,
horizontal writing,横書き,よこが
raincoat,レインコート,
"popsicle, ice lolly",アイス,
"about when, about what time",いつごろ,
whisky,ウィスキー,
airmail,エアメール,
"character, letter",字,じ
salty,塩辛い,しおから
seven,七,しち
mechanical pencil,シャープペンシル,
"cellophane tape, Scotch tape, Sellotape",セロテープ,
"exterior, outside",外側,そとがわ
soba restaurant,そば屋,や
"cigarette shop, tobacco store",たばこ屋,や,Vocab 121
"garden, court",庭,にわ
"be in fashion, be popular",流行る,はや
left side,左側,ひだりがわ
"bag, sack",袋,ふくろ
"bathhouse, public bath",風呂屋,ふろや
"bone, frame, spirit",骨,ほね
right side,右側,みぎがわ
"glasses, judgment",眼鏡,めがね
burn,やけど,
"dirt, filth",汚れ,よご
division,割り算,"わ, ざん"
iced coffee,アイスコーヒー,
interval,間,あいだ
"jaw, chin",顎,あご
breakfast,朝御飯,あさごはん,Vocab 122
get warm,暖まる,あたた
"other side, there",あっち,
"that, so",あんなに,
going,行き,い
"mischief, prank",いたずら,
waitress,ウェートレス,
celebrate,お祝い,いわ
"sweets, snacks",お菓子,かし
change,お釣り,つ
"gentle, quiet, subdued",大人しい,おとな
grandmother,お祖母さん,ばあ
aunt,おばさん,
souvenir,お土産,みやげ
"front side, face, outside",表,おもて
"write down, note down",書き取る,"か, と",Vocab 123
"lodge, give shelter",泊める,と
singer,歌手,かしゅ
remedy for a cold,風邪薬,かぜぐすり
person　（polite form),方,かた
"shape, form",形,かたち
"bag, handbag, briefcase",鞄,かばん
"wear, put on",被る,かぶ
"thunder, lightning",雷,かみなり
"get nervous, get stage fright",上がる,あ
"karate, empty hand",空手,からて
"can, tin",缶,かん
New Year's Day,元旦,がんたん
change clothes,着替える,きが
"strict, severe, intense",厳しい,きび
"visitor, customer",客,きゃく,Vocab 124
"gold, sum of money, Friday",金,きん
comb,くし,
cloud,雲,くも
"cleaning, laundry",クリーニング,
"scenery, landscape",景色,けしき
"fight, quarrel, argument",喧嘩,けんか
"answer, solution",答え,こた
"feast, treat",ごちそう,
treat,ごちそうする,
"now, these days, recently",この頃,ごろ
"spill, overflow",こぼれる,
"break, break down, get out of order",壊れる,こわ
"this, so, such",こんなに,
"heavily, pouring",ざあざあ,
the month after next,再来月,さらいげつ,Vocab 125
the week after next,再来週,さらいしゅう
"make a racket, mess around, make a fuss",騒ぐ,さわ
"regretful, disappointing",残念,ざんねん
"scold, tell off, reprimand",叱る,しか
put away,仕舞う,しま
name,氏名,しめい
potato,ジャガイモ,
"road, roadway",車道,しゃどう
"healthy, stout",丈夫,じょうぶ
soy sauce,醤油,しょうゆ
white,白,しろ
"anxiety, worry, good offices",心配,しんぱい
soap,石鹸,せっけん
"laundering, washing",洗濯,せんたく
vacuum cleaner,掃除機,そうじき,Vocab 126
sleeve,袖,そで
"outside, open air",外,そと
grandfather,祖父,そふ
"sofa, sofa bed",ソファー,
grandmother,祖母,そぼ
"sky, weather",空,そら
shave,剃る,そ
"stand, platform",台,だい
importance,大事,だいじ
"important, valuable",大切,たいせつ
"bring down, overthrow, defeat",倒す,たお
"help, save",助ける,たす
"tobacco, cigarette",たばこ,
someone,誰か,だれ
blood,血,ち,Vocab 127
"tea cup, rice bowl",茶わん,ちゃ
lunch,昼食,ちゅうしょく
eldest daughter,長女,ちょうじょ
breakfast,朝食,ちょうしょく
"just, as if",ちょうど,
"just a moment, just a little, easily",ちょっと,
"be on, switched on",つく,
"desk, table",机,つくえ
"serve, hold a job",勤める,つと
"nail, claw",爪,つめ
buddhist temple,寺,てら
"tempura, Japanese deep-fried breaded food",てんぷら,
"older, senior",年上,としうえ
"bird, poultry",鳥,とり
tapping,とんとん,,Vocab 128
clothes with long sleeves,長袖,ながそで
eggplant,茄子,なす
"what, which",何,なん
older brother,兄さん,にい
"lively, exciting",賑やか,にぎ
"flesh, meat",肉,にく
"chicken, hen",鶏,にわとり
"popularity, temperament of the people, business conditions",人気,にんき
"human being, people",人間,にんげん
carrot,にんじん,
"tepid, lukewarm",ぬるい,
get wet,濡れる,ぬ
"older sister, girl, miss",姉さん,ねえ
sleepy,眠い,ねむ
sleep,眠る,ねむ,Vocab 129
"going up, ascent",上り,のぼ
percent,パーセント,
ashes,灰,はい
"ash color, gray",灰色,はいいろ
"applause, clapping",拍手,はくしゅ
bridge,橋,はし
beginning,初め,はじ
"pillar, prop",柱,はしら
"flag, banner",旗,はた
"stick, paste",貼る,は
short-sleeved shirt,半袖,はんそで
half a month,半月,はんつき
half a day,半日,はんにち
fire,火,ひ
play on,弾く,ひ,Vocab 130
knee,ひざ,
elbow,ひじ,
people,人々,ひとびと
"laces, string, rope",ひも,
"table, list",表,ひょう
early afternoon,昼過ぎ,ひるす
"bottle, flask",瓶,びん
"wipe, dry",拭く,ふ
review,復習,ふくしゅう
"pork, hog meat",豚肉,ぶたにく
"surface mail, shipping service",船便,ふなびん
"ship, boat, vessel",船,ふね
"fall, come down",降る,ふ
bath,風呂,ふろ
Heisei era,平成,へいせい,Vocab 131
not good at,下手,へた
"answer, reply",返事,へんじ
"lavatory, bathroom",便所,べんじょ
"star, planet, spot",星,ほし
"truth, reality",本当,ほんとう
every month,毎月,まいつき
"scatter, plant",まく,
pillow,枕,まくら
grandchild,孫,まご
"again, also, or",又,また
"town, machi, city quarter",町,まち
"circle or sphere, wholeness",丸,まる
"port, harbor",港,みなと
south,南,みなみ
purple,紫,むらさき,Vocab 132
niece,姪,めい
cotton,木綿,もめん
kettle,やかん,
"burn, bake, be envious",焼く,や
"lose weight, become thin",痩せる,や
mountain,山,やま
"hot water, hot bath, bathhouse",湯,ゆ
supper,夕食,ゆうしょく
"last night, last evening",昨夜,ゆうべ
going,行き,ゆ
"finger, toe",指,ゆび
"slack, loose",緩い,ゆる
"good, suitable, preferable",良い,よ
welcome,ようこそ,
"become dirty, become defiled",汚れる,よご,Vocab 133
"street corner, intersection",四つ角,"よ, かど"
"midnight, dead of night",夜中,よなか
parents,両親,りょうしん
"zero, naught",零,れい
corner,曲がり角,"ま, かど"
waiter,ウェーター,
doctor,お医者さん,いしゃ
"minute, elaborate",細か,こま
"absolutely, unconditionally",絶対に,ぜったい
"that, so",そんなに,
take (a person) along,連れて行く,"つ, い"
bring (a person),連れて来る,"つ, く"
"look like, resemble",似ている,に
"sound, speech sound, Chinese pronunciation of a character",音,おと
"in the beginning, early in",始めに,はじ,Vocab 134
by oneself,一人で,ひとり
"real estate agent, realtor",不動産屋,ふどうさんや
mailman,郵便屋さん,ゆうびんや
"permitted, OK",可,か
be completed,上がる,あ
"industry, business world",業界,ぎょうかい
"maintenance, servicing",整備,せいび
appreciation of the yen,円高,えんだか
"collection of data, gathering of news",取材,しゅざい
"bill, bond",証券,しょうけん
"establishment, foundation",設立,せつりつ
major companies,大手,おおて
mutual agreement,合意,ごうい
"head, chief",頭,かしら
executive,幹部,かんぶ,Vocab 135
"inauguration, appointment",就任,しゅうにん
establishment,設置,せっち
"assembly, council",議会,ぎかい
growth,成長,せいちょう
"consciousness, awareness",意識,いしき
"new, fresh",新た,あら
advancement,進出,しんしゅつ
"perfect, complete",完全,かんぜん
"conference, deliberation",協議,きょうぎ
demand,需要,じゅよう
"situation, state of affairs",事態,じたい
purchase,購入,こうにゅう
"identification, pointing out",指摘,してき
"concern, interest",関心,かんしん
Minister of Foreign Affairs,外相,がいしょう,Vocab 136
"movement, shift",移動,いどう
"connection, joining",接続,せつぞく
manufactured goods,製品,せいひん
"petroleum, oil",石油,せきゆ
finance,金融,きんゆう
"avoid, evade",避ける,さ
self,自身,じしん
"staff, employee",職員,しょくいん
"support, backing",支援,しえん
"curtailment, reduction",削減,さくげん
formation,成立,せいりつ
"utilization, conjugation",活用,かつよう
"every place, various parts",各地,かくち
output,出力,しゅつりょく
"lose, miss",失う,うしな,Vocab 137
in the city,市内,しない
picture frame,額,がく
improvement,向上,こうじょう
"answer, comply with",応じる,おう
"interest, interest rate",金利,きんり
present condition,現状,げんじょう
"deliberation, consideration",審議,しんぎ
"actuality, reality",現実,げんじつ
"action, conduct",行動,こうどう
high speed,高速,こうそく
"a kind of, a sort of",一種,いっしゅ
"bring about, cause",起こす,お
difference,差,さ
politician,政治家,せいじか
Europe and America,欧米,おうべい,Vocab 138
"operation, management",運用,うんよう
"business, sales",営業,えいぎょう
economic climate,景気,けいき
resignation,辞任,じにん
advancement,進行,しんこう
"level, standard",水準,すいじゅん
"state, country",国家,こっか
"plan, proposal",案,あん
"doctor, physician",医師,いし
"opportunity, occasion",機会,きかい
Ministry of Finance,大蔵省,おおくらしょう
"recovery, rehabilitation",回復,かいふく
"maintenance, upkeep",維持,いじ
"equipment, facilities",設備,せつび
"after all, finally",結局,けっきょく,Vocab 139
"memory, recollection",記憶,きおく
"actual site, in the field",現地,げんち
"joint, commonality",共同,きょうどう
death,死亡,しぼう
"accept, accommodate",受け入れる,"う, い"
"happen, cause",生じる,しょう
"performance, capacity",性能,せいのう
join in,加わる,くわ
"reach to, come up to",及ぶ,およ
stock,株式,かぶしき
formation,形成,けいせい
"venue, meeting place",会場,かいじょう
"chairman, president",議長,ぎちょう
"stability, composure",安定,あんてい
"all members, entire staff",全員,ぜんいん,Vocab 140
"argument, discussion",議論,ぎろん
"general idea, concept",概念,がいねん
"rank, dignity",位,くらい
"materials, data",資料,しりょう
"base, military base",基地,きち
"before, ago",以前,いぜん
small-sized,小型,こがた
"investigation, inquiry",調べ,しら
"consumption, spending",消費,しょうひ
"operation, management",運営,うんえい
"hide, conceal",隠す,かく
"importance, value",重視,じゅうし
"failure, mistake",失敗,しっぱい
"state of things, situation",情勢,じょうせい
"depict, describe",描く,えが,Vocab 141
"revision, amendment",改正,かいせい
"character, person",人物,じんぶつ
committee,委員会,いいんかい
phenomenon,現象,げんしょう
commonality,共通,きょうつう
"before and after, order",前後,ぜんご
"organization, formation",結成,けっせい
total,計,けい
hold in one's arms,抱える,かか
"follow, obey",従う,したが
postwar period,戦後,せんご
"means, way",手段,しゅだん
"regulation, provision",規定,きてい
pressure,圧力,あつりょく
"employee, worker",従業員,じゅうぎょういん,Vocab 142
"conception, design",構想,こうそう
description,記述,きじゅつ
"difficulty, hardship",苦労,くろう
"adjust, match",合わせる,あ
"concentration, convergence",集中,しゅうちゅう
"extremely, very",極めて,きわ
"achievement, performance",実績,じっせき
"nature, property",性質,せいしつ
Japan National Railways,国鉄,こくてつ
"future, in the future",将来,しょうらい
"article, story",記事,きじ
"prohibition, forbiddance",禁止,きんし
international,国際的,こくさいてき
"control, command",制御,せいぎょ
"construction, architecture",建築,けんちく,Vocab 143
"sales, proceeds",売り上げ,"う, あ"
"each kind, various",各種,かくしゅ
"human life, life",人生,じんせい
"youth, young man",青年,せいねん
"diplomacy, foreign relations",外交,がいこう
"maximum, supreme",最高,さいこう
below,以下,いか
metal,金属,きんぞく
take an examination,受験,じゅけん
"process, course",過程,かてい
actually,実は,じつ
"regulation, control",規制,きせい
"shipping, dispatch",出荷,しゅっか
"hope, wish",希望,きぼう
"formal, regular",正式,せいしき,Vocab 144
"fix, determine",定める,さだ
circuit,回路,かいろ
"supply, provision",供給,きょうきゅう
"head, leader",首脳,しゅのう
"decrease, reduction",減少,げんしょう
"designation, appointment",指定,してい
"human affairs, personnel affairs",人事,じんじ
"character, personality",性格,せいかく
"present age, modern times",現代,げんだい
"principle, general rule",原則,げんそく
"improvement, amelioration",改善,かいぜん
"accord, agreement",一致,いっち
"fixing, stability",固定,こてい
"the actual situation, the realities",実態,じったい
"go away, leave",去る,さ,Vocab 145
"gathering, assembly",集合,しゅうごう
"violation, breach",違反,いはん
military affairs,軍事,ぐんじ
"thoughts, feelings",思い,おも
member,会員,かいいん
persuasion,説得,せっとく
"end, finish",終える,お
"core, atomic nucleus",核,かく
"never, by no means",決して,けっ
"result, fruit",成果,せいか
"training, drill",訓練,くんれん
"income, earnings",収入,しゅうにゅう
generation,世代,せだい
"come to, reach",至る,いた
"chase, pursue",追う,お,Vocab 146
"rapid, swift",急速,きゅうそく
"distance, interval",距離,きょり
"form, model",形式,けいしき
health,健康,けんこう
"guide, lead",指導,しどう
"doubt, suspicion",疑い,うたが
securement,確保,かくほ
"contrivance, scheme",工夫,くふう
"exchange, bartering",交換,こうかん
"medical service, healthcare",医療,いりょう
promotion,推進,すいしん
"influence, power",勢力,せいりょく
aviation,航空,こうくう
treaty,条約,じょうやく
administration,行政,ぎょうせい,Vocab 147
"limit, as far as possible",限り,かぎ
consumer,消費者,しょうひしゃ
raw material,原料,げんりょう
"public finance, financial affairs",財政,ざいせい
death,死,し
application,応用,おうよう
Ministry of Foreign Affairs,外務省,がいむしょう
float,浮かぶ,う
"basis, foundation",基礎,きそ
"crisis, emergency",危機,きき
"be superior to, be fine",優れる,すぐ
"intention, inclination",意向,いこう
"more, even more",一層,いっそう
"fear, risk",恐れ,おそ
employment,雇用,こよう,Vocab 148
"feeling, impression",感じ,かん
"speech, address",演説,えんぜつ
"all, entirely",全て,すべ
at least,少なくとも,すく
"last, final",最終,さいしゅう
ceremony,式,しき
"latter half, second half",後半,こうはん
"prosperous, active",盛ん,さか
state,州,しゅう
establishment,確立,かくりつ
"aircraft, airplane",航空機,こうくうき
"focus, focal point",焦点,しょうてん
"early days, initial",初期,しょき
"denial, rejection",拒否,きょひ
"obstacle, disorder",障害,しょうがい,Vocab 149
"main, principal",主要,しゅよう
"serious, grave",深刻,しんこく
efficiency,効率,こうりつ
"activity, action",活躍,かつやく
"oneself, self",自己,じこ
acquisition,獲得,かくとく
"supervisor, film director",監督,かんとく
"scheme, policy",策,さく
"suppress, bring under control",抑える,おさ
"not always, not necessarily",必ずしも,かなら
"distinction, classification",区別,くべつ
"live, earn one's livelihood",暮らす,く
hereafter,以降,いこう
"property, assets",資産,しさん
"tension, strain",緊張,きんちょう,Vocab 150
"public notice, advertisement",広告,こうこく
"restriction, limit",制限,せいげん
"place of work, office",職場,しょくば
sudden increase,急増,きゅうぞう
"achievement, performance",業績,ぎょうせき
case,ケース,
image,イメージ,
"cause, fault",せい,
"always, usually",いつも,
"chance, opportunity",きっかけ,
"all, completely",すっかり,
series,シリーズ,
AIDS,エイズ,
engine,エンジン,
"prudence, discretion",慎重,しんちょう,Vocab 151
"handle, deal with",扱う,あつか
"generally, in general",一般に,いっぱん
"study, learning",学習,がくしゅう
United Nations,国連,こくれん
pay,支払う,しはら
"act, conduct",行為,こうい
"difficulty, hardship",困難,こんなん
"proof, evidence",証明,しょうめい
welcome,歓迎,かんげい
"reliance, confidence",信頼,しんらい
sightseeing,観光,かんこう
"amount of money, sum",金額,きんがく
automatic operation,自動,じどう
"sudden, abrupt",急激,きゅうげき
"union, guild",組合,くみあい,Vocab 152
"point to, aim at",指す,さ
"eat, drink",上がる,あ
"a kind of, of sorts",一種,いっしゅ
"circumference, surroundings",周囲,しゅうい
"photographing, shoot",撮影,さつえい
branch,支店,してん
"committee member, delegate",委員,いいん
"today, these days",今日,こんにち
"favorable condition, smooth progress",順調,じゅんちょう
"transfer, change of address",移転,いてん
observation,観測,かんそく
interest,興味,きょうみ
"match, game",試合,しあい
"worsening, aggravation",悪化,あっか
self-confidence,自信,じしん,Vocab 153
political party,政党,せいとう
scholar,学者,がくしゃ
"approval, recognition",承認,しょうにん
"pass, let pass",過ごす,す
section chief,課長,かちょう
"disorder, confusion",混乱,こんらん
"application, petition",申請,しんせい
"boundary, limit",限界,げんかい
"come from, origin",出身,しゅっしん
end of the month,下旬,げじゅん
mayor,市長,しちょう
"huge, gigantic",巨大,きょだい
high degree,高度,こうど
"positive, active",積極的,せっきょくてき
"symbol, mark",記号,きごう,Vocab 154
conclusion,結論,けつろん
housewife,主婦,しゅふ
"harden, strengthen",固める,かた
"urgent, pressing",緊急,きんきゅう
"universe, space",宇宙,うちゅう
"construction, arrangement",仕組み,しく
"symbol, symbolize",象徴,しょうちょう
since,以来,いらい
"plan, project",企画,きかく
"interaction, contact",交流,こうりゅう
"consideration, deliberation",考慮,こうりょ
"trial, judgment",裁判,さいばん
impression,印象,いんしょう
"raid, attack",襲う,おそ
"feeling, emotion",感情,かんじょう,Vocab 155
"approval, agreement",賛成,さんせい
"sense, sensation",感覚,かんかく
"police officer, policeman",警官,けいかん
expense,経費,けいひ
"writer, novelist",作家,さっか
"mankind, humankind",人類,じんるい
tax,税金,ぜいきん
"manufacture, production",製作,せいさく
"tactic, strategy",作戦,さくせん
"publishing, publication",出版,しゅっぱん
internationalization,国際化,こくさいか
trading firm,商社,しょうしゃ
"right, privilege",権利,けんり
"income, earnings",所得,しょとく
"revolution, rotation",回転,かいてん,Vocab 156
"enclose, encircle",囲む,かこ
"continuation, succession",継続,けいぞく
"constitution, constitutional law",憲法,けんぽう
"mind, spirit",精神,せいしん
"extension, prolongation",延長,えんちょう
"outside, outer",外部,がいぶ
"reduction, curtailment",縮小,しゅくしょう
"progress, advancement",進歩,しんぽ
coal,石炭,せきたん
"embrace, hug",抱く,いだ
"household, family",一家,いっか
"once, for a while",一旦,いったん
"volition, motivation",意欲,いよく
"question, doubt",疑問,ぎもん
"value, merit",価値,かち,Vocab 157
"reopening, restart",再開,さいかい
poetry,詩,し
"dead person, the deceased",死者,ししゃ
"theory, opinion",説,せつ
"division, section",区分,くぶん
"food, foodstuff",食品,しょくひん
"hometown, birthplace",故郷,こきょう
"power, authority",権力,けんりょく
"suburbs, outskirts",郊外,こうがい
"rob, take by force",奪う,うば
"improvement, reform",改良,かいりょう
the latter,後者,こうしゃ
"formal, official",公式,こうしき
"author, writer",作者,さくしゃ
"reverse, inverse",逆,ぎゃく,Vocab 158
"living, livelihood",暮らし,く
"the black, surplus",黒字,くろじ
heart,心臓,しんぞう
"trace, track",跡,あと
"reply, answer",回答,かいとう
"plant, vegetation",植物,しょくぶつ
"decision, confirmation",確定,かくてい
"pile up, repeat",重ねる,かさ
"art, arts and crafts",芸術,げいじゅつ
"expansion, extension",拡張,かくちょう
"opinion, view",見解,けんかい
"stimulus, stimulation",刺激,しげき
"recommendation, nomination",推薦,すいせん
"feeling, mood",気分,きぶん
"corpse, body",死体,したい,Vocab 159
"collision, conflict",衝突,しょうとつ
"remarkable, conspicuous",著しい,いちじる
"emotion, impression",感動,かんどう
"type, mold",型,かた
"commemoration, memory",記念,きねん
"progression, lapse",経過,けいか
"remainder, leftover",余り,あま
"request, commission",依頼,いらい
"disposition, arrangement",整理,せいり
public performance,公演,こうえん
"all together, all at once",一斉に,いっせい
"support, maintenance",支持,しじ
"gradually, by degrees",次第に,しだい
"mainly, mostly",主に,おも
"precious, valuable",貴重,きちょう,Vocab 160
"cite, give (an example)",挙げる,あ
"pollution, contamination",汚染,おせん
"principle, theory",原理,げんり
"traffic, transportation",交通,こうつう
"value, worth",値,あたい
"reform, change",改める,あらた
sum total,合計,ごうけい
religion,宗教,しゅうきょう
affiliation,系列,けいれつ
"group, mass",集団,しゅうだん
school class,組,くみ
"vigilance, precaution",警戒,けいかい
"correction, revision",修正,しゅうせい
"duty, service",勤務,きんむ
"pair up, partner with",組む,く,Vocab 161
"error, mistake",誤り,あやま
"area, vicinity",一帯,いったい
"vigor, spirits",元気,げんき
favorable condition,好調,こうちょう
usage,使用,しよう
the former,前者,ぜんしゃ
"what on earth, what the…",一体,いったい
"remodeling, reorganization",改造,かいぞう
"already, previously",既に,すで
"very, greatly",大いに,おお
"event, function",行事,ぎょうじ
"try, attempt",試みる,こころ
domestically produced,国産,こくさん
"calm down, settle in",落ち着く,"お, つ"
"protest, remonstrance",抗議,こうぎ,Vocab 162
"action, effect",作用,さよう
"not at all, not one bit",一切,いっさい
"gap, disparity",格差,かくさ
"qualifications, competence",資格,しかく
powerful,強力,きょうりょく
"proof, evidence",証拠,しょうこ
"permission, approval",許可,きょか
"end, expiry",終了,しゅうりょう
cash,現金,げんきん
resources,資源,しげん
"certain, secure",確実,かくじつ
"drying up, desiccation",乾燥,かんそう
human rights,人権,じんけん
high temperature,高温,こうおん
"serious, sincere",真剣,しんけん,Vocab 163
"resolution, determination",決意,けつい
"sponsorship, promotion",主催,しゅさい
"intention, aim",意図,いと
playback,再生,さいせい
"common sense, common knowledge",常識,じょうしき
"sensitivity, nerves",神経,しんけい
revolution,革命,かくめい
axis,軸,じく
"help, thanks to",お陰,かげ
"payment, payout",支払い,しはら
"fear, apprehend",恐れる,おそ
"harden, solidify",固まる,かた
substitution,代わり,か
"eat, live on",食う,く
"details, particulars",詳細,しょうさい,Vocab 164
"birth, origin",生まれ,う
"learning, scholarship",学問,がくもん
indoors,室内,しつない
lowest,最低,さいてい
suicide,自殺,じさつ
lecture,講演,こうえん
"practical use, utility",実用,じつよう
put on sale,売り出す,"う, だ"
one's own country,自国,じこく
"assort, join together",組み合わせる,"く, あ"
"important point, emphasis",重点,じゅうてん
"forest, woodland",森林,しんりん
parent and child,親子,おやこ
"world, the public",世間,せけん
"instant, moment",一瞬,いっしゅん,Vocab 165
"public society, community",公共,こうきょう
"thing, incident",事,こと
Self Defense Forces,自衛隊,じえいたい
"thought, conception",思想,しそう
"take care of, provide service",世話,せわ
"conflict, battle",争い,あらそ
application,応募,おうぼ
"incorporate, integrate",組み込む,"く, こ"
"army, troops",軍隊,ぐんたい
"wring out, squeeze",絞る,しぼ
passenger fare,運賃,うんちん
"liquid, fluid",液体,えきたい
order,順序,じゅんじょ
"expenditure, disbursement",支出,ししゅつ
a lifetime,一生,いっしょう,Vocab 166
"hasten, urge",促す,うなが
offshore,沖,おき
"absorption, merger",吸収,きゅうしゅう
ward,区,く
oxygen,酸素,さんそ
"class, lesson",クラス,
speed,スピード,
"how, in what way",いかに,
"start, begin",スタート,
set,セット,
close-up,アップ,
energy,エネルギー,
"on the contrary, rather",かえって,
concrete,コンクリート,
"finally, any moment",いよいよ,,Vocab 167
the Olympics,オリンピック,
stop,ストップ,
"properly, neatly",きちんと,
club,クラブ,
"without moving, still",じっと,
concert,コンサート,
"wrong, must not",いけない,
in advance,あらかじめ,
"often, frequently",しばしば,
"control, management",支配,しはい
breath,息,いき
"tax, duty",税,ぜい
"frequency, number of times",回数,かいすう
crystallization,結晶,けっしょう
"weak point, defect",欠点,けってん,Vocab 168
"express, represent",表す,あらわ
"medical science, medicine",医学,いがく
"vigor, momentum",勢い,いきお
"aid, assistance",援助,えんじょ
"crumble, collapse",崩れる,くず
seat,座席,ざせき
"illumination, lighting",照明,しょうめい
chemistry,化学,かがく
"shock, surprise",ショック,
antenna,アンテナ,
boldly,あえて,
"cover, covering",カバー,
journalist,ジャーナリスト,
style,スタイル,
interview,インタビュー,,Vocab 169
individuality,個性,こせい
"calamity, disaster",災害,さいがい
tentatively,一応,いちおう
screen,画面,がめん
"dusk, the end (of a season or a year)",暮れ,く
environmental pollution,公害,こうがい
"reference, consultation",参考,さんこう
"prize, award",賞,しょう
"duty, obligation",義務,ぎむ
"grief, sadness",悲しみ,かな
life,生命,せいめい
"anger, rage",怒り,いか
"extraordinary, exceptional",異常,いじょう
life,命,いのち
"support, cheering",応援,おうえん,Vocab 170
"be chipped, be missing",欠ける,か
"freeway, highway",高速道路,こうそくどうろ
"unemployment, loss of job",失業,しつぎょう
participation,出場,しゅつじょう
"supposing that, even if",仮に,かり
modern times,近代,きんだい
"speaker, lecturer",講師,こうし
viewpoint,視点,してん
symptom,症状,しょうじょう
advancement,前進,ぜんしん
"from now on, after that",以後,いご
"queue, line",行列,ぎょうれつ
"drama, play",劇,げき
"interpretation, explanation",解釈,かいしゃく
"clamor, commotion",騒ぎ,さわ,Vocab 171
"leading part, starring role",主役,しゅやく
"smiling face, smile",笑顔,えがお
"shadow, shade",影,かげ
"bureau, public service office",局,きょく
extreme,極端,きょくたん
"warning, admonition",警告,けいこく
theater,劇場,げきじょう
"atomic energy, nuclear power",原子力,げんしりょく
"murder, homicide",殺人,さつじん
"figure, map",図,ず
"perform, play",演じる,えん
"explanation, commentary",解説,かいせつ
"be piled up, come one after another",重なる,かさ
"high rank, high class",高級,こうきゅう
discrimination,差別,さべつ,Vocab 172
the year before last,一昨年,いっさくねん
"teacher, teaching staff",教員,きょういん
courthouse,裁判所,さいばんしょ
"belonging, attachment",所属,しょぞく
sweat,汗,あせ
"generate, produce",生み出す,"う, だ"
"noise, interference",雑音,ざつおん
"vicinity, around",辺り,あた
"earn, make money",稼ぐ,かせ
"inspection, examination",検査,けんさ
"cultivation, raising",栽培,さいばい
"catch, receive",受け止める,"う, と"
"I, me",俺,おれ
scientist,科学者,かがくしゃ
"fire, conflagration",火災,かさい,Vocab 173
"grounds, basis",根拠,こんきょ
"breakup, dissolution",解散,かいさん
seawater,海水,かいすい
"condition, health",具合,ぐあい
match,勝負,しょうぶ
"unexpected, unforeseen",意外,いがい
zone,区域,くいき
"happiness, good fortune",幸い,さいわ
make a mistake,誤る,あやま
"raise, keep",飼う,か
"academic association, academic conference",学会,がっかい
"office duty, clerical work",事務,じむ
artificial,人工,じんこう
"approach, proximity",接近,せっきん
"economical, economic",経済的,けいざいてき,Vocab 174
printing,印刷,いんさつ
"delay, being late",遅れ,おく
"shine brilliantly, glitter",輝く,かがや
"like, be fond of",好む,この
"order, sequence",順,じゅん
season,シーズン,
"important, serious",重大,じゅうだい
weight,重量,じゅうりょう
"way of life, lifestyle",生き方,"い, かた"
king,王,おう
set up (shop),構える,かま
"wound, scar",傷,きず
"prohibit, forbid",禁じる,きん
blood,血液,けつえき
"be settled, complete",済む,す,Vocab 175
absolutely,絶対,ぜったい
idea,アイデア,
together,一緒,いっしょ
foreign currency,外貨,がいか
"perfume, fragrance",香り,かお
"the smallest, minimum",最小,さいしょう
"supplement, replenish",補う,おぎな
angle,角度,かくど
volcano,火山,かざん
"public officer, government worker",公務員,こうむいん
"meaning, significance",意義,いぎ
"release, setting free",解放,かいほう
"bet, stake",賭ける,か
"nations, countries",国々,くにぐに
optimum,最適,さいてき,Vocab 176
"real ability, capability",実力,じつりょく
"for life, lifetime",生涯,しょうがい
diagnosis,診断,しんだん
"indeed, as if",いかにも,
at a glance,一見,いっけん
"pliable, flexible",柔軟,じゅうなん
"lively, active",活発,かっぱつ
"composition, synthesis",合成,ごうせい
"fortune, asset",財産,ざいさん
"child, juvenile",児童,じどう
the whole body,全身,ぜんしん
"guess, hit the jackpot",当てる,あ
"all of a sudden, without warning",いきなり,
"be reflected, appear",映る,うつ
once again,改めて,あらた,Vocab 177
"notice, become aware of",気付く,きづ
private,私立,しりつ
the truth,真相,しんそう
back,背中,せなか
"top-ranked, world-class",一流,いちりゅう
"pray, wish for",祈る,いの
"selfish, self-centered",勝手,かって
"destroy, break",崩す,くず
"via, through",経由,けいゆ
"before, ahead",先に,さき
"agent, main constituent",主体,しゅたい
"subject, theme",主題,しゅだい
"shop, store",商店,しょうてん
forever,いつまでも,
"fire, shoot",撃つ,う,Vocab 178
"artist, painter",画家,がか
dislike,嫌う,きら
"suffer, be troubled",苦しむ,くる
"abroad, outside the country",国外,こくがい
"mature, reliable",しっかり,
"taste, appreciate",味わう,あじ
government office,官庁,かんちょう
"time limit, term",期限,きげん
"gas, vapor",気体,きたい
"phrase, clause",句,く
fresh,新鮮,しんせん
last time,前回,ぜんかい
"coast, shore",沿岸,えんがん
"readiness, resolution",覚悟,かくご
"happiness, good fortune",幸福,こうふく,Vocab 179
business trip,出張,しゅっちょう
"gratitude, thanks",感謝,かんしゃ
"country, countryside",田舎,いなか
lecture,講義,こうぎ
"breathing, respiration",呼吸,こきゅう
"independence, autonomy",自主,じしゅ
"surface, ground",地面,じめん
beginning of the month,上旬,じょうじゅん
get acquainted with,知り合う,"し, あ"
"serve two functions, combine",兼ねる,か
return home,帰宅,きたく
"limit, bounds",限度,げんど
high-priced,高価,こうか
"save, relieve",救う,すく
"battlefield, front",戦場,せんじょう,Vocab 180
"as usual, as before",相変わらず,あいか
"chance, accident",偶然,ぐうぜん
"true sense, realization",実感,じっかん
"front, face",正面,しょうめん
"the people, populace",人民,じんみん
"be inferior to, be worse than",劣る,おと
"rock, crag",岩,いわ
"ancient times, antiquity",古代,こだい
profit,採算,さいさん
inside a vehicle,車内,しゃない
"drama, play",演劇,えんげき
"unintentionally, unconsciously",思わず,おも
printed type,活字,かつじ
school building,校舎,こうしゃ
"harvest, harvesting",収穫,しゅうかく,Vocab 181
prewar period,戦前,せんぜん
questionnaire,アンケート,
in front of the station,駅前,えきまえ
"compulsion, force",強制,きょうせい
"combination, joint",合同,ごうどう
poet,詩人,しじん
"departure, emigration",出国,しゅっこく
"small number, minority",少数,しょうすう
"occupation, vocation",職業,しょくぎょう
"relatives, kin",親類,しんるい
"gathering, assembly",集まり,あつ
"board, plank",板,いた
"postponement, deferment",延期,えんき
pay a tax or fee,納める,おさ
"talent, ability",才能,さいのう,Vocab 182
surface of the water,水面,すいめん
schedule,スケジュール,
uniform,制服,せいふく
musical instrument,楽器,がっき
desert,砂漠,さばく
"assistant, helper",助手,じょしゅ
"in the water, underwater",水中,すいちゅう
"honest, straightforward",素直,すなお
"thought, impression",感想,かんそう
"country, territory",国土,こくど
"principle, -ism",主義,しゅぎ
"rescue, relief",救助,きゅうじょ
"advanced age, elderly",高齢,こうれい
reunion,再会,さいかい
life span,寿命,じゅみょう,Vocab 183
newspaper office,新聞社,しんぶんしゃ
"will, volition",意志,いし
"doubt, be suspicious",疑う,うたが
gasoline,ガソリン,
"matter, affair",事柄,ことがら
"existence, survival",生存,せいぞん
death in war,戦死,せんし
cut,カット,
misunderstanding,誤解,ごかい
index,索引,さくいん
"all right, no thank you",結構,けっこう
"newcomer, freshman",新人,しんじん
"market, marketplace",市場,いちば
"liquid, fluid",液,えき
climate,気候,きこう,Vocab 184
"put in, concentrate on",込める,こ
production center,産地,さんち
"noon, noontime",正午,しょうご
completion,完了,かんりょう
"match, sporting event",競技,きょうぎ
private railway,私鉄,してつ
residential district,住宅地,じゅうたくち
"normality, normalcy",正常,せいじょう
each other,お互い,たが
"curve, curved line",曲線,きょくせん
race,人種,じんしゅ
"paddy field, rice field",水田,すいでん
"ambiguous, vague",曖昧,あいまい
"fate, fortune",運命,うんめい
"complaint, grievance",苦情,くじょう,Vocab 185
"speech, discussion",言論,げんろん
business suit,背広,せびろ
"appear, emerge",現れる,あらわ
shoot up,打ち上げる,"う, あ"
"authority, power",権威,けんい
subject,科目,かもく
recruiting,求人,きゅうじん
"personal history, resume",経歴,けいれき
"birth, delivery",出産,しゅっさん
"vertical, perpendicular",垂直,すいちょく
star,スター,
member,一員,いちいん
whole surface,一面,いちめん
cut fine,刻む,きざ
"system, lineage",系統,けいとう,Vocab 186
"become known, be found out",知れる,し
"mental state, psychology",心理,しんり
"passion, enthusiasm",情熱,じょうねつ
vivid,鮮やか,あざ
tomorrow,明日,あす
"photographer, cameraman",カメラマン,
"grade, class",級,きゅう
"flood, inundation",洪水,こうずい
the worst,最悪,さいあく
"furthermore, still more",更に,さら
"market, exchange",市場,しじょう
"plain, sober",地味,じみ
"course, route",進路,しんろ
"alcohol, alcoholic beverage",アルコール,
"sports festival, athletic meet",運動会,うんどうかい,Vocab 187
"satellite, moon",衛星,えいせい
musical performance,演奏,えんそう
"in the air, in the sky",空中,くうちゅう
prison,刑務所,けいむしょ
"determination, resolve",決心,けっしん
"individually, one at a time",個々,ここ
"get close to, get familiar with",親しむ,した
kindness,親切,しんせつ
"nutrition, nourishment",栄養,えいよう
loud voice,大声,おおごえ
"holiday, vacation",休暇,きゅうか
"firm belief, conviction",確信,かくしん
be effective,効く,き
"national language, Japanese",国語,こくご
"solid, solid matter",固体,こたい,Vocab 188
"taste, preference",好み,この
"horizontal, level",水平,すいへい
"the West, the Occident",西洋,せいよう
"celebrate, congratulate",祝う,いわ
detective,刑事,けいじ
showing off,自慢,じまん
publishing company,出版社,しゅっぱんしゃ
"negative, passive",消極的,しょうきょくてき
"colony, settlement",植民地,しょくみんち
actress,女優,じょゆう
"stature, height",身長,しんちょう
"economizing, saving",節約,せつやく
"pain, ache",痛み,いた
"opening, start a meeting",開会,かいかい
"check, tab",勘定,かんじょう,Vocab 189
fishing industry,漁業,ぎょぎょう
"peculiar to, characteristic",固有,こゆう
"bill, paper money",札,さつ
earnings and expenses,収支,しゅうし
vibration,振動,しんどう
"belief, conviction",信念,しんねん
at least,せめて,
"surprise, amazement",驚き,おどろ
"school year, grade",学年,がくねん
family finances,家計,かけい
"pipe, tube",管,かん
weather condition,気象,きしょう
"topic for discussion, agenda",議題,ぎだい
"suburbs, outskirts",近郊,きんこう
quite,結構,けっこう,Vocab 190
"impartiality, fairness",公平,こうへい
"confusion, disorder",混雑,こんざつ
"faith, religious belief",信仰,しんこう
"boundary, border",境界,きょうかい
wheat,小麦,こむぎ
"all directions, far and wide",四方,しほう
boss,上司,じょうし
dining table,食卓,しょくたく
"first day, opening day",初日,しょにち
"nest, den",巣,す
"conjecture, guess",推測,すいそく
living room,居間,いま
inside,内,うち
"lawsuit, appeal",訴え,うった
people,方々,かたがた,Vocab 191
"assumption, supposition",仮定,かてい
"excitement, agitation",興奮,こうふん
immediately,早速,さっそく
weak point,弱点,じゃくてん
"trust, credit",信用,しんよう
"net, netting",網,あみ
"housework, domestic duties",家事,かじ
engineering,工学,こうがく
"completion, finishing",仕上げ,しあ
bookstore,書店,しょてん
to dawn,明ける,あ
"house, building",家屋,かおく
lack,欠く,か
college president,学長,がくちょう
"observation, supervision",観察,かんさつ,Vocab 192
blood vessel,血管,けっかん
"finish, complete",仕上げる,しあ
"municipal office, city hall",市役所,しやくしょ
upstream,上流,じょうりゅう
stress,ストレス,
"ocean, sea",海洋,かいよう
cord,コード,
"look for, search for",捜す,さが
"the other day, a few days ago",先日,せんじつ
probably,恐らく,おそ
educational history,学歴,がくれき
"consent, knowledge",承知,しょうち
"documents, papers",書類,しょるい
"weight, importance",重み,おも
"opening of a store, setting up",開店,かいてん,Vocab 193
nursing,看護,かんご
"ceremony, ritual",儀式,ぎしき
"fog, mist",霧,きり
national flag,国旗,こっき
classics,古典,こてん
"autonomous, voluntary",自主的,じしゅてき
"article, item",品,しな
small quantity,少量,しょうりょう
"of course, obvious",当たり前,"あ, まえ"
"be wild, run waste",荒れる,あ
"account, finance",会計,かいけい
admiration,感心,かんしん
"signboard, sign",看板,かんばん
"instant, moment",瞬間,しゅんかん
"order, turn",順番,じゅんばん,Vocab 194
"scholarship, fellowship",奨学金,しょうがくきん
youth,青春,せいしゅん
light,明かり,あ
"cloth, textile",織物,おりもの
exchange,交わす,か
"high altitude, high-rise",高層,こうそう
one's junior,後輩,こうはい
"diplomatic relations, national friendship",国交,こっこう
"frequently, repeatedly",頻りに,しき
speed per hour,時速,じそく
hydrogen,水素,すいそ
"row, line",整列,せいれつ
"at a time, at once",一度に,いちど
smoking,喫煙,きつえん
"healthy, sound",健全,けんぜん,Vocab 195
"association, friendship",交際,こうさい
"rational, logical",合理的,ごうりてき
small bird,小鳥,ことり
"disappointment, loss of hope",失望,しつぼう
acquaintance,知り合い,"し, あ"
"adult, grownup",成人,せいじん
"celebration, congratulation",祝い,いわ
set afloat,浮かべる,う
"vital, essential",肝心,かんじん
"pains, efforts",苦心,くしん
formal,形式的,けいしきてき
"voucher, ticket",券,けん
"strict, secure",厳重,げんじゅう
developing a film,現像,げんぞう
national highway,国道,こくどう,Vocab 196
"the streets, downtown",市街,しがい
fire fighting,消火,しょうか
"a little, a few",少々,しょうしょう
"clothes, garments",衣類,いるい
Christianity,キリスト教,きょう
public,公立,こうりつ
language study,語学,ごがく
"to go to work, attendance at work",出勤,しゅっきん
new building,新築,しんちく
"dwelling, residence",住まい,す
"grudge, regret",惜しむ,お
"subject, department",学科,がっか
school term,学期,がっき
"muscle, sinews",筋肉,きんにく
"steep, craggy",険しい,けわ,Vocab 197
coach,コーチ,
capitalism,資本主義,しほんしゅぎ
"unoccupied ground, vacant lot",空き地,"あ, ち"
"offend against, rape",犯す,おか
"housetop, roof",屋上,おくじょう
family register,戸籍,こせき
"submit, stretch out",差し出す,"さ, だ"
stage,ステージ,
advice,アドバイス,
aluminum,アルミニウム,
"orchestra, orchestral music",オーケストラ,
"Mister, middle-aged man",おじさん,
"viewing, enjoyment (of art)",鑑賞,かんしょう
atmospheric pressure,気圧,きあつ
"become insane, get out of order",狂う,くる,Vocab 198
"distress, suffering",苦しみ,くる
latter period,後期,こうき
"march, parade",行進,こうしん
"contest, competition",コンクール,
"bleeding, hemorrhage",出血,しゅっけつ
"digestion, consumption",消化,しょうか
"crossing, traversing",横断,おうだん
"overbearing, coercive",強引,ごういん
"schoolyard, campus",校庭,こうてい
"solitary, lonely",孤独,こどく
"command, initiative",指揮,しき
"time, hour",時刻,じこく
"pure, unmixed",純粋,じゅんすい
"particle, postposition",助詞,じょし
curiosity,好奇心,こうきしん,Vocab 199
"practice, training",実習,じっしゅう
"delay, traffic jam",渋滞,じゅうたい
"item, event",種目,しゅもく
"trade, business",商売,しょうばい
close friend,親友,しんゆう
"major, specialization",専攻,せんこう
amateur,アマチュア,
"take advantage of, make use of",生かす,い
one hand,片手,かたて
"severe, hard, strict",きつい,
corner,コーナー,
"basis, root",根本,こんぽん
"information, notice",知らせ,し
"nimble, quick",素早い,すばや
"clear, become clear",澄む,す,Vocab 200
"previous term, last semester",前期,ぜんき
"bad, malignant",悪質,あくしつ
"wild, reckless",荒い,あら
have charge of,受け持つ,"う, も"
devote oneself,打ち込む,"う, こ"
"chimney, smokestack",煙突,えんとつ
outing,外出,がいしゅつ
kabuki,歌舞伎,かぶき
"deep emotion, moving",感激,かんげき
Chinese-character compounds,漢語,かんご
"seat, passenger seat",客席,きゃくせき
"just in time, barely",ぎりぎり,
practical,実用的,じつようてき
"detergent, cleanser",洗剤,せんざい
